id_estab,ESTABLECIMIENTO,MUNICIPIO,DIRECCION,rows,area_dist,area_top,area_top_count,area_top_pct
bf4f605a42a5,INSTITUTO EVANGÉLICO AMÉRICA LATINA,CHIMALTENANGO,6A. AVENIDA 3-48 ZONA 5,10,URBANA:9; RURAL:1,URBANA,9,0.9
4ecaec588c42,COLEGIO TECNOLOGICO EN INFORMATICA MILJU-NET,TIQUISATE,ALDEA TICANLU,8,RURAL:7; URBANA:1,RURAL,7,0.875
1aab1b15765a,"COLEGIO CRISTIANO PREUNIVERSITARIO ""EL REFORMADOR""",SAN LORENZO,CANTÓN POZA VERDE,7,RURAL:6; URBANA:1,RURAL,6,0.857
540c5a848087,LICEO TÉCNICO INDUSTRIAL MAYA TIKAL,VILLA NUEVA,3A. CALLE 9-50 ZONA 1,6,URBANA:5; RURAL:1,URBANA,5,0.833
cb0f40657242,COLEGIO PARTICULAR MIXTO 'MATIAS DE GALVEZ',PUERTO BARRIOS,"COLONIA PIEDRAS NEGRAS, ALDEA SANTO TOMÁS DE CASTILLA",6,RURAL:5; URBANA:1,RURAL,5,0.833
0e72732154e3,"INSTITUTO PRIVADO MIXTO DIVERSIFICADO ""JACALTENANGO""",JACALTENANGO,CANTÓN SAN SEBASTIAN,5,URBANA:4; RURAL:1,URBANA,4,0.8
242033e1a2fb,INSTITUTO TECNOLOGÍA Y CIENCIA,TIQUISATE,"VILLA CHINITO, KILOMETRO 143 FRENTE AL HOSPITAL NACIONAL",5,URBANA:4; RURAL:1,URBANA,4,0.8
c4b19b81c075,"INSTITUTO MIXTO DE EDUCACIÓN DE ORIENTE ""IMIDEO NÉRICI""",MOYUTA,ALDEA LOS ACHIOTES,5,RURAL:4; URBANA:1,RURAL,4,0.8
d56d440d9373,"COLEGIO PARTICULAR MIXTO ""BRISAS DEL CHINGO""",YUPILTEPEQUE,ALDEA ESTANZUELA,5,RURAL:4; URBANA:1,RURAL,4,0.8
e87bff5cf463,COLEGIO INTERNACIONAL FUTURE LEARNING CENTER -FLC-,ESCUINTLA,KM. 60 LA FELICIDAD SALIDA A PUERTO SAN JOSÉ.,5,RURAL:4; URBANA:1,RURAL,4,0.8
25e6d27a681d,LICEO MIXTO MONTE HOREB,FRAIJANES,2A. AVENIDA 9-75 ZONA 1,9,URBANA:7; RURAL:2,URBANA,7,0.778
62559d23cf1e,CENTRO EDUCATIVO MAYA SYSTEMS,MORALES,ALDEA LOS ANDES,8,RURAL:6; URBANA:2,RURAL,6,0.75
34e0940dfbee,LICEO DE CIENCIAS TECNICAS EL REDENTOR,SAN BENITO,BARRIO 3 DE ABRIL.,4,URBANA:3; RURAL:1,URBANA,3,0.75
3a811ca2b6ce,COLEGIO MIXTO INTEGRAL SANTIAGO,ANTIGUA GUATEMALA,LOTIFICACION EL COROZAL NO.6-7 ALDEA SANTA ANA,4,RURAL:3; URBANA:1,RURAL,3,0.75
4e0ceb953583,COLEGIO MIXTO REAL EL VALLE,VILLA NUEVA,"12 AVENIDA, 3-73, ZONA 1",4,URBANA:3; RURAL:1,URBANA,3,0.75
5599429471eb,COLEGIO PRIVADO LICEO POLOCHIC,PANZOS,ALDEA TELEMAN,4,RURAL:3; URBANA:1,RURAL,3,0.75
6691ab4133d8,"COLEGIO PARTICULAR MIXTO ""SAN JOSÉ OBRERO II""",JALPATAGUA,"CASERIO EL CIPRES, ALDEA SAN IXTAN",4,RURAL:3; URBANA:1,RURAL,3,0.75
7f58183f4af6,COLEGIO MIXTO EN COMPUTACIÓN EMANUEL,SAN JUAN SACATEPEQUEZ,"CASERIO LOS PAJOQUES SECTOR 3, LOTE 251, ALDEA LOMA ALTA",4,RURAL:3; URBANA:1,RURAL,3,0.75
a8d19516cd1a,"COLEGIO TÉCNICO INTEGRAL ""CURIE""",SAN PEDRO NECTA,CABECERA MUNICIPAL,4,URBANA:3; RURAL:1,URBANA,3,0.75
cd2811061db8,COLEGIO MIXTO SAN FELIPE,ANTIGUA GUATEMALA,CALLE AL PORTAL NO. 01 BARRIO SAN ANTONIO,4,URBANA:3; RURAL:1,URBANA,3,0.75
cf9269a3e88e,INSTITUTO MIXTO DE EDUCACIÓN CONGUAQUENSE,CONGUACO,CASERIO BRIOTIS,4,URBANA:3; RURAL:1,URBANA,3,0.75
de82b4b96dc3,LICEO INTERCULTURAL PACHALUMENSE,PACHALUN,VALLE LINDA VISTA SALIDA A MORITAS,4,URBANA:3; RURAL:1,URBANA,3,0.75
ee57632f1801,INSTITUTO NACIONAL DE EDUCACIÓN DIVERSIFICADA TIERRA NUEVA I,CHINAUTLA,SECTOR 43 LOTE 0 TIERRA NUEVA I,4,URBANA:3; RURAL:1,URBANA,3,0.75
32d1b31494af,COLEGIO PARTICULAR MIXTO BILINGUE SANTA FE,QUESADA,ALDEA BUENA VISTA,7,RURAL:5; URBANA:2,RURAL,5,0.714
d2de3a98483b,"INSTITUTO PRIVADO MIXTO ""EL ALFARERO""",SAN FRANCISCO ZAPOTITLAN,"CALLE PRINCIPAL SEGUNDO CALLEJÓN LOTIFICACION EL PANORAMA, CANTÓN SAN JOSE",6,RURAL:4; URBANA:2,RURAL,4,0.667
36c47ea18d7e,CENTRO EDUCATIVO CRISTIANO CON ORIENTACION UNIVERSITARIA EL SHADDAI,SAN BENITO,BARRIO EL PORVENIR SAN BENITO,3,RURAL:2; URBANA:1,RURAL,2,0.667
4d8b12320363,INSTITUTO MIXTO MUNICIPAL NAWAL,SANTO DOMINGO XENACOJ,"CHICACOTOJ, COLONIA EL ESFUERZO",3,RURAL:2; URBANA:1,RURAL,2,0.667
59245d674fa6,"COLEGIO MIXTO BILINGUE ""QUETZALLI""",PUERTO BARRIOS,"3A. CALLE 15A. AVENIDA, COLONIA LAS FLORES, SANTO TOMAS DE CASTILLA",3,RURAL:2; URBANA:1,RURAL,2,0.667
6186bd68303c,LICEO EDUCATIVO DE FORMACION INTEGRAL FUENTE DE VIDA,PUERTO BARRIOS,CASERIO COLINA II DE SANTO TOMAS DE CASTILLA,3,URBANA:2; RURAL:1,URBANA,2,0.667
6cc55a2bd16a,"COLEGIO PARTICULAR MIXTO ""MINERVA""",MORALES,ALDEA PLAYITAS,3,RURAL:2; URBANA:1,RURAL,2,0.667
77bcb7984c43,"COLEGIO PARTICULAR MIXTO BILINGÜE ""SAN PEDRO APÓSTOL""",QUESADA,BARRIO LA UNION,3,URBANA:2; RURAL:1,URBANA,2,0.667
78bacf90914a,COLEGIO GUATEMALTECO TIKAL,PALENCIA,"KILOMETRO 33 CALLE REAL, ZONA 0, ALDEA LOS MIXCOS",3,RURAL:2; URBANA:1,RURAL,2,0.667
897969321467,INSTITUTO TECNICO INDUSTRIAL HENRY FORD,ASUNCION MITA,BARRIO LA PAZ,3,URBANA:2; RURAL:1,URBANA,2,0.667
a640f838aa1a,CENTRO EDUCATIVO NUEVA VIDA,SAN PEDRO CARCHA,"8A. CALLE 4-47, ZONA 4",3,URBANA:2; RURAL:1,URBANA,2,0.667
ada2e33c2b31,COLEGIO DE INFORMATICA CENINFAV,COBAN,12 AV. 2-12 ZONA 1,3,RURAL:2; URBANA:1,RURAL,2,0.667
b379912f11e7,COLEGIO INTEGRAL BILINGÜE IB,OLINTEPEQUE,"BARRIO LA PAZ, ALDEA JUSTO RUFINO BARRIOS",3,URBANA:2; RURAL:1,URBANA,2,0.667
d29afcab0712,COLEGIO PRIVADO MIXTO NUESTRA SEÑORA DE LAS MERCEDES,VILLA NUEVA,"7A. AVENIDA 5-12, ZONA 5, COLONIA LOS PLANES",3,URBANA:2; RURAL:1,URBANA,2,0.667
d8aa43716073,COLEGIO LA SALLE,ANTIGUA GUATEMALA,4A. AVENIDA NORTE N-26,3,URBANA:2; RURAL:1,URBANA,2,0.667
fa2824872fd8,COLEGIO CRISTIANO BELÉN,RETALHULEU,ALDEA LA GUITARRA,3,URBANA:2; RURAL:1,URBANA,2,0.667
ffbee360e888,COLEGIO CRISTIANO SECRETARIAL LA LUZ,SAN JUAN SACATEPEQUEZ,"LOTE 3 MANZANA M LINDA VISTA I, CIUDAD QUETZAL",3,RURAL:2; URBANA:1,RURAL,2,0.667
61345880e34f,"INSTITUTO PRIVADO MIXTO ""CONCEPCION""",SAMAYAC,"CANTON CONCEPCION, SECTOR LA MANCHURIA",8,URBANA:5; RURAL:3,URBANA,5,0.625
661ca45e48a2,LICEO PREUNIVERSITARIO DE INFORMATICA Y TECNOLOGIA,VILLA CANALES,1A. AVENIDA 1-41 ZONA 2 ALDEA EL PORVENIR,8,RURAL:5; URBANA:3,RURAL,5,0.625
0d212a311b1d,INSTITUTO NACIONAL NITO PALENCIA MAYEN,SAN JOSE DEL GOLFO,"4A. CALLE 3-01, ZONA 1",5,RURAL:3; URBANA:2,RURAL,3,0.6
489cfacb1ca5,LICEO TECNOLÓGICO PROFESIONAL DE PALENCIA,PALENCIA,"0 AVENIDA 0-06, CANTON AGUA TIBIA",5,RURAL:3; URBANA:2,RURAL,3,0.6
5c76cae09b77,INSTITUTO PARTICULAR MIXTO DEMOCRACENSE,LA DEMOCRACIA,ALDEA CAMOJALLITO,5,RURAL:3; URBANA:2,RURAL,3,0.6
641140c282a1,"INSTITUTO PARTICULAR MIXTO ""ADONAI""",PUERTO BARRIOS,CASERIO LA REFINERIA,5,URBANA:3; RURAL:2,URBANA,3,0.6
77d71e395b21,CENTRO EDUCATIVO CRISTIANO CON ORIENTACION UNIVERSITARIA EL SHADDAI,SAN BENITO,BARRIO EL PORVENIR,5,RURAL:3; URBANA:2,RURAL,3,0.6
81f3b17c814d,LICEO COMERCIAL ENTRE VALLES,SAN JOSE PINULA,"8A. AVENIDA 10-08 (INTERIOR LOTE 22) CANTÓN EL MATAZANO, ZONA 4",5,RURAL:3; URBANA:2,RURAL,3,0.6
8d8f2154bbb8,LICEO CRISTIANO SENDAS NUEVAS,VILLA NUEVA,"13A. AVENIDA ""A"" 14-46, ZONA 2, COLONIA SAN RAFAEL RAMÍREZ",5,RURAL:3; URBANA:2,RURAL,3,0.6
5929268d1836,"INSTITUTO PREUNIVERSITARIO DE IZABAL ""PREU""",PUERTO BARRIOS,COLONIA SAN CRISTOBAL ENTRE RIOS,4,URBANA:2; RURAL:2,URBANA,2,0.5
06f96b71eb4d,ESCUELA NORMAL BILINGÜE INTERCULTURAL K´ ICHE´ TIJOB´ ÄL UTÜX MAYAB´ WINÄQ OXLAJUJ TZ´ I´,SANTA CRUZ DEL QUICHE,"CASERIO BUENA VISTA, XATINAP V",2,URBANA:1; RURAL:1,URBANA,1,0.5
072be5d650e0,CENTRO DE EDUCACIÓN EXTRAESCOLAR CEEX,CUBULCO,CASERÍO CHIRUJ,2,RURAL:1; URBANA:1,RURAL,1,0.5
08647a24e03f,CENTRO DE EDUCACIÓN EXTRAESCOLAR -CEEX-,SANTA CRUZ DEL QUICHE,"10A. AVENIDA Y 3A, CALLE ZONA 3",2,RURAL:1; URBANA:1,RURAL,1,0.5
0f4aee16e515,COLEGIO RAFAEL AREVALO MARTINEZ,VILLA NUEVA,"7A. AVENIDA, 7-55, ZONA 3, BARCENAS",2,RURAL:1; URBANA:1,RURAL,1,0.5
138d6ba41311,CENTRO EDUCATIVO INTERCULTURAL PARA EL DESARROLLO COMUNITARIO CEIDECO,SOLOLA,5AV. 2-28 ZONA 1 BARRIO SAN ANTONIO,2,RURAL:1; URBANA:1,RURAL,1,0.5
16f4539030cc,COLEGIO EVANGÉLICO HOREB,SAN JUAN COTZAL,CANTÓN VATZOSINAY,2,RURAL:1; URBANA:1,RURAL,1,0.5
1b9cd947a3bb,COLEGIO MIXTO BILINGUE LA PRADERA,SAN JOSE PINULA,KM.19 CARRETERA A SAN JOSE PINULA,2,RURAL:1; URBANA:1,RURAL,1,0.5
1e5d4c1809a2,COLEGIO MIXTO INTEGRAL EL PROGRESO,GUASTATOYA,"COLONIA HICHOS, BARRIO EL PORVENIR GUASTATOYA EL PROGRESO",2,RURAL:1; URBANA:1,RURAL,1,0.5
24e3e8e45623,LICEO INTEGRAL PALENCIANO,PALENCIA,2DA. CALLE PROLONGACIÓN INTERIOR NO. 7 EL RINCÓN,2,RURAL:1; URBANA:1,RURAL,1,0.5
2b0a2fe6d4be,"INSTITUTO MIXTO DE EDUCACION ""CONGUAQUENSE""",CONGUACO,CONGUACO,2,URBANA:1; RURAL:1,URBANA,1,0.5
2ffdee17722c,"COLEGIO PARTICULAR MIXTO BILINGÜE ""SAN FELIPE, IZABAL""",LIVINGSTON,ALDEA SAN FELIPE DE LARA,2,RURAL:1; URBANA:1,RURAL,1,0.5
3739c1ea145a,INSTITUTO DE EDUCACIÓN BÁSICA DOCTOR THEO BLOEM,MIXCO,64 CALLE 13-57 ALDEA SACOJ CHIQUITO ZONA 6 MIXCO,2,RURAL:1; URBANA:1,RURAL,1,0.5
4f9a2c2475ce,COLEGIO NUESTRA SEÑORA DE LOS ÁNGELES,JALAPA,BARRIO LLANO GRANDE,2,RURAL:1; URBANA:1,RURAL,1,0.5
4fcf950b9f01,COLEGIO SANTA CRUZ,LA LIBERTAD,BARRIO SANTA CRUZ,2,RURAL:1; URBANA:1,RURAL,1,0.5
5141526c9336,COLEGIO PARTICULAR MIXTO LICEO PROGRESO,EL PROGRESO,CALZADA LA PAZ,2,RURAL:1; URBANA:1,RURAL,1,0.5
5381aeb45bbf,INSTITUTO NACIONAL DE EDUCACIÓN DIVERSIFICADA,PANAJACHEL,0 AVENIDA 3-03 ZONA 4,2,RURAL:1; URBANA:1,RURAL,1,0.5
5bcf477a85a0,CENTRO DE EDCACIÓN EXTRAESCOLAR_CEEX_,TAJUMULCO,TAJUMULCO,2,RURAL:1; URBANA:1,RURAL,1,0.5
5ea465d45e75,COLEGIO BILINGUE 'VALLES DE VISTA HERMOSA',SANTA CATARINA PINULA,KM. 18.5 CARRETERA A EL SALVADOR LOTIFICACION LAS MARGARITAS LOTE 26,2,URBANA:1; RURAL:1,URBANA,1,0.5
73adbbbdb27e,COLEGIO MIXTO MONTESSORI,PASTORES,CANTON LA VEGA 3A. CALLE 1-10 ZONA 7,2,RURAL:1; URBANA:1,RURAL,1,0.5
773fcbe93b18,INSTITUTO NACIONAL DE EDUCACIÓN BÁSICA TIERRA NUEVA I,CHINAUTLA,"SECTOR 43 LOTE 0, TIERRA NUEVA I",2,RURAL:1; URBANA:1,RURAL,1,0.5
7c3d09dfa2f5,"CENTRO EDUCATIVO PRIVADO ""SAN ESTEBAN""",PALIN,4A AVENIDA 4-16 ZONA 5 COLONIA PALINCHÉ,2,RURAL:1; URBANA:1,RURAL,1,0.5
857000bc4ce0,COLEGIO EVANGELICO PRIVADO MIXTO NUEVA VISION,PUEBLO NUEVO,SECTOR EL REBALSE,2,URBANA:1; RURAL:1,URBANA,1,0.5
884009ca92e7,CENTRO EDUCATIVO JUAN PABLO II,MIXCO,FINCA EL SEMINARIO CASA 77 COLONIA PABLO VI ZONA 7,2,RURAL:1; URBANA:1,RURAL,1,0.5
894c96e2d999,COLEGIO BILINGUE INTEGRIDAD (INTEGRITY),SANTA CATARINA PINULA,"ALDEA DON JUSTO KILOMETRO 16.5 CARRETERA A SAN JOSE PINULA, CASERIO LA LAGUNETA,",2,RURAL:1; URBANA:1,RURAL,1,0.5
9748378f257f,INSTITUTO TÉCNICO MARÍTIMO BANAPORT C.A.,SAN JOSE,1 CALLE LOTE 650 BARRIO LA ARENERA,2,RURAL:1; URBANA:1,RURAL,1,0.5
99604ad98ceb,INSTITUTO PARTICULAR CATARINECO,SANTA CATARINA MITA,BARRIO LA ERMITA,2,RURAL:1; URBANA:1,RURAL,1,0.5
9ca12e97822c,COLEGIO VISIONARIO J.P. II,PALENCIA,"3A. AVENIDA 0-71, CANTON AGUA TIBIA",2,RURAL:1; URBANA:1,RURAL,1,0.5
9e1d5fef3518,COLEGIO SANTA CRUZ,LA LIBERTAD,"BARRIO SANTA CRUZ,LA LIBERTAD PETEN",2,RURAL:1; URBANA:1,RURAL,1,0.5
9ed2f37890ea,COLEGIO CENTRO DE APRENDIZAJE INTELECTO INTELLEGO,SANTIAGO SACATEPEQUEZ,LOTE NO. 333 JARDINES DE SANTIAGO,2,RURAL:1; URBANA:1,RURAL,1,0.5
a2b242ebfa42,LICEO CRISTIANO PEDAGOGICO,VILLA NUEVA,5TA CALLE 3-22 ZONA 5 COLONIA ENRIQUETA,2,RURAL:1; URBANA:1,RURAL,1,0.5
af727c86b060,COLEGIO MIXTO PARTICULAR LICEO GUATEMALA DEL SUR,SAN JOSE,"5A. AVENIDA 8-80 ZONA 3, BARRIO PEÑATE",2,RURAL:1; URBANA:1,RURAL,1,0.5
b0b2fdded83c,INSTITUTO NACIONAL MARÍA BELÉN MEDRANO GARCÍA,CHINAUTLA,15 AVENIDA SECTOR 3 COLONIA NUEVA CHINAUTLA,2,RURAL:1; URBANA:1,RURAL,1,0.5
b64d004ebc62,INSTITUTO MUNICIPAL DE DIVERSIFICADO POCHUTA CENTENARIO,SAN MIGUEL POCHUTA,SAN MIGUEL POCHUTA,2,URBANA:1; RURAL:1,URBANA,1,0.5
bdb1feeb6913,CENTRO DE EDUCACION EXTRA ESCOLAR -CEEX,SUMPANGO,1RA. CALLE 0-22 ZONA 3,2,RURAL:1; URBANA:1,RURAL,1,0.5
c37098291dd3,COLEGIO MUNDO DE JUGUETES,PATULUL,"CANTON LA PAZ, RANCHO LOS OLIVOS, CARETERA A COCALES",2,RURAL:1; URBANA:1,RURAL,1,0.5
c4119982b8e7,"COLEGIO EVANGÉLICO PARTICULAR MIXTO ""LA PALABRA""",MONJAS,"EL ESPINALAR, CASERÍO LA CEIBITA",2,RURAL:1; URBANA:1,RURAL,1,0.5
c507bd33741e,INSTITUTO NACIONAL DE EDUCACION DIVERSIFICADA,SANARATE,"ZONA 4, COLINDANTE A POLIDEPORTIVO, SECTOR CAMPO DE CAMINOS",2,RURAL:1; URBANA:1,RURAL,1,0.5
c9b7923b97db,COLEGIO MIXTO LA OPORTUNIDAD,GUANAGAZAPA,2A AVENIDA 6-21 ZONA 1 INSTALCIONES DEL INSTITUTO DE EDUCACIÓN DIVERSIFICADA,2,RURAL:1; URBANA:1,RURAL,1,0.5
cb0b44901ca9,"COLEGIO PARTICULAR MIXTO ""ANTON DE MONTESINOS""",COBAN,1A. CALLE 7-22 ZONA 3,2,RURAL:1; URBANA:1,RURAL,1,0.5
cee96923d7fb,CENTRO EDUCATIVO MONTE CRISTO,CHIMALTENANGO,CASERIO MONTE CRISTO ALDEA SAN MARCOS PACOC,2,RURAL:1; URBANA:1,RURAL,1,0.5
d2587fb91e0f,"LICEO INTEGRAL CIENCIA Y VERDAD ""CIEV""",LA LIBERTAD,BARRIO EL ESTADIO,2,RURAL:1; URBANA:1,RURAL,1,0.5
d4317fb112cf,COLEGIO BILINGUE UN NUEVO AMANECER,SAN MIGUEL PETAPA,"4TA. CALLE, 1-40, COLONIA LOS ALAMOS, ZONA 6",2,RURAL:1; URBANA:1,RURAL,1,0.5
da127a021812,CENTRO EDUCATIVO BILINGÜE DEL MONTE,MORALES,FINCA BANANERA,2,RURAL:1; URBANA:1,RURAL,1,0.5
db20a3844887,COLEGIO ADVENTISTA ENMANUEL,NUEVA CONCEPCION,LOTE 105 ALDEA CENTRO DOS,2,RURAL:1; URBANA:1,RURAL,1,0.5
e8c9ec517f39,COLEGIO EVANGELICO PRIVADO MIXTO NUEVA VISION,PUEBLO NUEVO,SECTOR EL REBALSE PUEBLO NUEVO SUCHITEPEQUEZ,2,RURAL:1; URBANA:1,RURAL,1,0.5
ea02deac9d90,INSTITUTO NACIONAL DE EDUCACIÓN DIVERSIFICADA,MALACATAN,COLONIA EL MAESTRO MALACATÁN,2,RURAL:1; URBANA:1,RURAL,1,0.5
ea3a779af68a,"INSTITUTO DE NIVEL MEDIO DE PROYECCION SOCIAL Y COMUNITARIA ""LA VOZ DE LA ESPERANZA""",SAN PEDRO YEPOCAPA,ALDEA MONTE DE LOS OLIVOS,2,RURAL:1; URBANA:1,RURAL,1,0.5
ed53aea71a92,COLEGIO MIXTO 'ATENAS',SAN JUAN SACATEPEQUEZ,"7A AVENIDA 7-13, ZONA 1",2,RURAL:1; URBANA:1,RURAL,1,0.5
