id_estab,CODIGO,ESTABLECIMIENTO,DEPARTAMENTO,MUNICIPIO,DIRECCION,AREA,SECTOR,STATUS,JORNADA,PLAN,MODALIDAD,NIVEL,TELEFONO
06f96b71eb4d,14-01-5221-46,ESCUELA NORMAL BILINGUE INTERCULTURAL K´ICHE´ TIJOB´AL UTUX MAYAB´ WINAQ OXLAJUJ TZ´ I´,QUICHE,SANTA CRUZ DEL QUICHE,"CASERIO BUENA VISTA, XATINAP V",URBANA,OFICIAL,ABIERTA,DOBLE,DIARIO(REGULAR),BILINGUE,DIVERSIFICADO,77563721.0
06f96b71eb4d,14-01-0231-46,ESCUELA NORMAL BILINGÜE INTERCULTURAL K´ ICHE´ TIJOB´ ÄL UTÜX MAYAB´ WINÄQ OXLAJUJ TZ´ I´,QUICHE,SANTA CRUZ DEL QUICHE,"CASERIO BUENA VISTA, XATINAP V",RURAL,OFICIAL,ABIERTA,MATUTINA,DIARIO(REGULAR),BILINGUE,DIVERSIFICADO,77563721.0
072be5d650e0,15-04-0248-46,CENTRO DE EDUCACIÓN EXTRAESCOLAR -CEEX-,BAJA VERAPAZ,CUBULCO,CASERÍO CHIRUJ,RURAL,PRIVADO,ABIERTA,DOBLE,SEMIPRESENCIAL,MONOLINGUE,DIVERSIFICADO,54887718
072be5d650e0,15-04-0254-45,CENTRO DE EDUCACIÓN EXTRAESCOLAR CEEX,BAJA VERAPAZ,CUBULCO,CASERÍO CHIRUJ,URBANA,PRIVADO,ABIERTA,DOBLE,SEMIPRESENCIAL,MONOLINGUE,BASICO,33595715.0
08647a24e03f,14-01-0256-45,CENTRO DE EDUCACIÓN EXTRAESCOLAR -CEEX-,QUICHE,SANTA CRUZ DEL QUICHE,"10A. AVENIDA Y 3A, CALLE ZONA 3",RURAL,OFICIAL,ABIERTA,VESPERTINA,DIARIO(REGULAR),MONOLINGUE,BASICO,30960082.0
08647a24e03f,14-01-0257-46,CENTRO DE EDUCACIÓN EXTRAESCOLAR -CEEX-,QUICHE,SANTA CRUZ DEL QUICHE,"10A. AVENIDA Y 3A, CALLE ZONA 3",URBANA,OFICIAL,ABIERTA,VESPERTINA,DIARIO(REGULAR),MONOLINGUE,DIVERSIFICADO,44988120.0
0d212a311b1d,01-04-0026-45,INSTITUTO NACIONAL NITO PALENCIA MAYEN,GUATEMALA,SAN JOSE DEL GOLFO,4A. CALLE 3-01 ZONA 1,RURAL,OFICIAL,ABIERTA,SIN JORNADA,SEMIPRESENCIAL (FIN DE SEMANA),MONOLINGUE,BASICO,66416637
0d212a311b1d,01-04-0025-46,INSTITUTO NACIONAL NITO PALENCIA MAYEN,GUATEMALA,SAN JOSE DEL GOLFO,4A. CALLE 3-01 ZONA 1,RURAL,OFICIAL,ABIERTA,SIN JORNADA,SEMIPRESENCIAL (FIN DE SEMANA),MONOLINGUE,DIVERSIFICADO,66416637
0d212a311b1d,01-04-0006-45,INSTITUTO NACIONAL NITO PALENCIA MAYEN,GUATEMALA,SAN JOSE DEL GOLFO,"4A. CALLE 3-01, ZONA 1",URBANA,OFICIAL,ABIERTA,DOBLE,FIN DE SEMANA,MONOLINGUE,BASICO,55135441
0d212a311b1d,01-04-0009-46,INSTITUTO NACIONAL NITO PALENCIA MAYEN,GUATEMALA,SAN JOSE DEL GOLFO,4A. CALLE 3-01 ZONA 1,URBANA,OFICIAL,ABIERTA,DOBLE,FIN DE SEMANA,MONOLINGUE,DIVERSIFICADO,55135441
0d212a311b1d,01-04-0027-46,INSTITUTO NACIONAL NITO PALENCIA MAYÉN,GUATEMALA,SAN JOSE DEL GOLFO,4A. CALLE 3-01 ZONA 1,RURAL,OFICIAL,ABIERTA,DOBLE,FIN DE SEMANA,MONOLINGUE,DIVERSIFICADO,46815144
0e72732154e3,13-07-0056-46,"INSTITUTO PRIVADO MIXTO DIVERSIFICADO ""JACALTENANGO""",HUEHUETENANGO,JACALTENANGO,CANTÓN SAN SEBASTIÁN,RURAL,PRIVADO,ABIERTA,DOBLE,DIARIO(REGULAR),MONOLINGUE,DIVERSIFICADO,59851269.0
0e72732154e3,13-07-0065-45,"INSTITUTO PRIVADO MIXTO DIVERSIFICADO ""JACALTENANGO""",HUEHUETENANGO,JACALTENANGO,CANTÓN SAN SEBASTIAN,URBANA,PRIVADO,ABIERTA,DOBLE,FIN DE SEMANA,MONOLINGUE,BASICO,59851269.0
0e72732154e3,13-07-0064-46,"INSTITUTO PRIVADO MIXTO DIVERSIFICADO ""JACALTENANGO""",HUEHUETENANGO,JACALTENANGO,CANTÓN SAN SEBASTIAN,URBANA,PRIVADO,ABIERTA,DOBLE,FIN DE SEMANA,MONOLINGUE,DIVERSIFICADO,59851269.0
0e72732154e3,13-07-0055-46,"INSTITUTO PRIVADO MIXTO DIVERSIFICADO ""JACALTENANGO""",HUEHUETENANGO,JACALTENANGO,CANTÓN SAN SEBASTIÁN,URBANA,PRIVADO,ABIERTA,VESPERTINA,DIARIO(REGULAR),BILINGUE,DIVERSIFICADO,40902970.0
0e72732154e3,13-07-6385-46,INSTITUTO PRIVADO MIXTO DIVERSIFICADO JACALTENANGO,HUEHUETENANGO,JACALTENANGO,CANTÓN SAN SEBASTIÁN,URBANA,PRIVADO,ABIERTA,MATUTINA,DIARIO(REGULAR),BILINGUE,DIVERSIFICADO,40902970.0
0f4aee16e515,01-15-0234-46,COLEGIO RAFAEL AREVALO MARTINEZ,GUATEMALA,VILLA NUEVA,"7A. AVENIDA, 7-55, ZONA 3, BARCENAS",RURAL,PRIVADO,ABIERTA,VESPERTINA,DIARIO(REGULAR),MONOLINGUE,DIVERSIFICADO,66269330
0f4aee16e515,01-15-0479-46,COLEGIO RAFAEL AREVALO MARTÍNEZ,GUATEMALA,VILLA NUEVA,"7A. AVENIDA 7-55, ZONA 3, BÁRCENAS",URBANA,PRIVADO,ABIERTA,DOBLE,FIN DE SEMANA,MONOLINGUE,DIVERSIFICADO,66269330
138d6ba41311,07-01-0196-45,CENTRO EDUCATIVO INTERCULTURAL PARA EL DESARROLLO COMUNITARIO CEIDECO,SOLOLA,SOLOLA,5AV. 2-28 ZONA 1 BARRIO SAN ANTONIO,RURAL,PRIVADO,ABIERTA,SIN JORNADA,SEMIPRESENCIAL (FIN DE SEMANA),MONOLINGUE,BASICO,55629690.0
138d6ba41311,07-01-0195-46,CENTRO EDUCATIVO INTERCULTURAL PARA EL DESARROLLO COMUNITARIO CEIDECO,SOLOLA,SOLOLA,5AV. 2-28 ZONA 1 BARRIO SAN ANTONIO,URBANA,PRIVADO,ABIERTA,SIN JORNADA,SEMIPRESENCIAL (FIN DE SEMANA),MONOLINGUE,DIVERSIFICADO,55629690.0
16f4539030cc,14-11-0068-46,COLEGIO EVANGÉLICO HOREB,QUICHE,SAN JUAN COTZAL,CANTÓN VATZOSINAY,RURAL,PRIVADO,ABIERTA,VESPERTINA,DIARIO(REGULAR),BILINGUE,DIVERSIFICADO,46329643.0
16f4539030cc,14-11-0053-45,COLEGIO EVANGÉLICO HOREB,QUICHE,SAN JUAN COTZAL,CANTÓN VATZOSINAY,URBANA,PRIVADO,ABIERTA,MATUTINA,DIARIO(REGULAR),MONOLINGUE,BASICO,46329643.0
1aab1b15765a,12-29-0050-46,"COLEGIO CRISTIANO PREUNIVERSITARIO ""EL REFORMADOR""",SAN MARCOS,SAN LORENZO,CANTÓN POZA VERDE,RURAL,PRIVADO,ABIERTA,DOBLE,DIARIO(REGULAR),MONOLINGUE,DIVERSIFICADO,59826896.0
1aab1b15765a,12-29-0048-45,"COLEGIO CRISTIANO PREUNIVERSITARIO ""EL REFORMADOR""",SAN MARCOS,SAN LORENZO,CANTÓN POZA VERDE,RURAL,PRIVADO,ABIERTA,DOBLE,FIN DE SEMANA,MONOLINGUE,BASICO,59826896.0
1aab1b15765a,12-29-0046-46,"COLEGIO CRISTIANO PREUNIVERSITARIO ""EL REFORMADOR""",SAN MARCOS,SAN LORENZO,CANTÓN POZA VERDE,RURAL,PRIVADO,ABIERTA,DOBLE,FIN DE SEMANA,MONOLINGUE,DIVERSIFICADO,59826896.0
1aab1b15765a,12-29-0047-45,"COLEGIO CRISTIANO PREUNIVERSITARIO ""EL REFORMADOR""",SAN MARCOS,SAN LORENZO,CANTÓN POZA VERDE,RURAL,PRIVADO,ABIERTA,SIN JORNADA,SEMIPRESENCIAL (FIN DE SEMANA),MONOLINGUE,BASICO,59826896.0
1aab1b15765a,12-29-0049-45,"COLEGIO CRISTIANO PREUNIVERSITARIO ""EL REFORMADOR""",SAN MARCOS,SAN LORENZO,CANTÓN POZA VERDE,RURAL,PRIVADO,ABIERTA,VESPERTINA,DIARIO(REGULAR),MONOLINGUE,BASICO,5982689.0
1aab1b15765a,12-29-0051-46,"COLEGIO CRISTIANO PREUNIVERSITARIO ""EL REFORMADOR""",SAN MARCOS,SAN LORENZO,CANTÓN POZA VERDE,RURAL,PRIVADO,ABIERTA,VESPERTINA,DIARIO(REGULAR),MONOLINGUE,DIVERSIFICADO,59826896.0
1aab1b15765a,12-29-0042-46,"COLEGIO CRISTIANO PREUNIVERSITARIO ""EL REFORMADOR""",SAN MARCOS,SAN LORENZO,CANTON POZA VERDE,URBANA,PRIVADO,ABIERTA,MATUTINA,DIARIO(REGULAR),MONOLINGUE,DIVERSIFICADO,36673756.0
1b9cd947a3bb,01-03-9505-45,COLEGIO MIXTO BILINGUE LA PRADERA,GUATEMALA,SAN JOSE PINULA,KM.19 CARRETERA A SAN JOSE PINULA,RURAL,PRIVADO,ABIERTA,MATUTINA,DIARIO(REGULAR),MONOLINGUE,BASICO,66379111
1b9cd947a3bb,01-03-9506-46,COLEGIO MIXTO BILINGUE LA PRADERA,GUATEMALA,SAN JOSE PINULA,KM.19 CARRETERA A SAN JOSE PINULA,URBANA,PRIVADO,ABIERTA,MATUTINA,DIARIO(REGULAR),MONOLINGUE,DIVERSIFICADO,66379111
1e5d4c1809a2,02-01-0074-45,COLEGIO MIXTO INTEGRAL EL PROGRESO,EL PROGRESO,GUASTATOYA,"COLONIA HICHOS, BARRIO EL PORVENIR GUASTATOYA EL PROGRESO",RURAL,PRIVADO,ABIERTA,DOBLE,FIN DE SEMANA,MONOLINGUE,BASICO,47406758.0
1e5d4c1809a2,02-01-0075-46,COLEGIO MIXTO INTEGRAL EL PROGRESO,EL PROGRESO,GUASTATOYA,"COLONIA HICHOS, BARRIO EL PORVENIR GUASTATOYA EL PROGRESO",URBANA,PRIVADO,ABIERTA,DOBLE,FIN DE SEMANA,MONOLINGUE,DIVERSIFICADO,47406758.0
242033e1a2fb,05-06-0054-46,INSTITUTO TECNOLOGIA Y CIENCIA,ESCUINTLA,TIQUISATE,"VILLA CHINITO, KILOMETRO 143 FRENTE AL HOSPITAL NACIONAL",RURAL,PRIVADO,ABIERTA,DOBLE,FIN DE SEMANA,MONOLINGUE,DIVERSIFICADO,59304894
242033e1a2fb,05-06-0082-46,INSTITUTO TECNOLOGIA Y CIENCIA,ESCUINTLA,TIQUISATE,"VILLA CHINITO, KILOMETRO 143 FRENTE AL HOSPITAL NACIONAL",URBANA,PRIVADO,ABIERTA,VESPERTINA,DIARIO(REGULAR),MONOLINGUE,DIVERSIFICADO,59304894
242033e1a2fb,05-06-0111-45,INSTITUTO TECNOLOGÍA Y CIENCIA,ESCUINTLA,TIQUISATE,"VILLA CHINITO, KILOMETRO 143 FRENTE AL HOSPITAL NACIONAL",URBANA,PRIVADO,ABIERTA,MATUTINA,DIARIO(REGULAR),MONOLINGUE,BASICO,59304894.0
242033e1a2fb,05-06-0100-46,INSTITUTO TECNOLOGÍA Y CIENCIA,ESCUINTLA,TIQUISATE,"VILLA CHINITO, KILOMETRO 143 FRENTE AL HOSPITAL NACIONAL",URBANA,PRIVADO,ABIERTA,VESPERTINA,DIARIO(REGULAR),MONOLINGUE,DIVERSIFICADO,59304894
242033e1a2fb,05-06-0103-46,INSTITUTO TECNOLOGÍA Y CIENCIA,ESCUINTLA,TIQUISATE,"VILLA CHINITO, KILOMETRO 143 FRENTE AL HOSPITAL NACIONAL",URBANA,PRIVADO,ABIERTA,VESPERTINA,DIARIO(REGULAR),MONOLINGUE,DIVERSIFICADO,59304894
24e3e8e45623,01-05-0126-46,LICEO INTEGRAL PALENCIANO,GUATEMALA,PALENCIA,2DA. CALLE PROLONGACIÓN INTERIOR NO. 7 EL RINCÓN,RURAL,PRIVADO,ABIERTA,SIN JORNADA,SEMIPRESENCIAL (FIN DE SEMANA),MONOLINGUE,DIVERSIFICADO,51604540
24e3e8e45623,01-05-0127-45,LICEO INTEGRAL PALENCIANO,GUATEMALA,PALENCIA,2DA. CALLE PROLONGACIÓN INTERIOR NO. 7 EL RINCÓN,URBANA,PRIVADO,ABIERTA,SIN JORNADA,SEMIPRESENCIAL (FIN DE SEMANA),MONOLINGUE,BASICO,51604540
25e6d27a681d,01-13-0117-45,LICEO MIXTO MONTE HOREB,GUATEMALA,FRAIJANES,2A. AVENIDA 9-75 ZONA 1,RURAL,PRIVADO,ABIERTA,SIN JORNADA,SEMIPRESENCIAL (DOS DÍAS A LA SEMANA),MONOLINGUE,BASICO,66272426
25e6d27a681d,01-13-0118-46,LICEO MIXTO MONTE HOREB,GUATEMALA,FRAIJANES,2A. AVENIDA 9-75 ZONA 1,RURAL,PRIVADO,ABIERTA,SIN JORNADA,SEMIPRESENCIAL (DOS DÍAS A LA SEMANA),MONOLINGUE,DIVERSIFICADO,66272426
25e6d27a681d,01-13-0137-45,LICEO MIXTO MONTE HOREB,GUATEMALA,FRAIJANES,"2A. AVENIDA 9-75, ZONA 1",URBANA,PRIVADO,ABIERTA,DOBLE,FIN DE SEMANA,MONOLINGUE,BASICO,66272426
25e6d27a681d,01-13-0081-46,LICEO MIXTO MONTE HOREB,GUATEMALA,FRAIJANES,2A. AVENIDA 9-75 ZONA 1,URBANA,PRIVADO,ABIERTA,DOBLE,FIN DE SEMANA,MONOLINGUE,DIVERSIFICADO,66272426
25e6d27a681d,01-13-0082-46,LICEO MIXTO MONTE HOREB,GUATEMALA,FRAIJANES,2A. AVENIDA 9-75 ZONA 1,URBANA,PRIVADO,ABIERTA,DOBLE,FIN DE SEMANA,MONOLINGUE,DIVERSIFICADO,66272426
25e6d27a681d,01-13-0139-46,LICEO MIXTO MONTE HOREB,GUATEMALA,FRAIJANES,"2A. AVENIDA 9-75, ZONA 1",URBANA,PRIVADO,ABIERTA,DOBLE,FIN DE SEMANA,MONOLINGUE,DIVERSIFICADO,66272426
25e6d27a681d,01-13-0021-45,LICEO MIXTO MONTE HOREB,GUATEMALA,FRAIJANES,2A. AVENIDA 9-75 ZONA 1,URBANA,PRIVADO,ABIERTA,MATUTINA,DIARIO(REGULAR),MONOLINGUE,BASICO,41288132
25e6d27a681d,01-13-0036-46,LICEO MIXTO MONTE HOREB,GUATEMALA,FRAIJANES,2A. AVENIDA 9-75 ZONA 1,URBANA,PRIVADO,ABIERTA,MATUTINA,DIARIO(REGULAR),MONOLINGUE,DIVERSIFICADO,44510574
25e6d27a681d,01-13-0138-46,LICEO MIXTO MONTE HOREB,GUATEMALA,FRAIJANES,"2A. AVENIDA 9-75, ZONA 1",URBANA,PRIVADO,ABIERTA,MATUTINA,DIARIO(REGULAR),MONOLINGUE,DIVERSIFICADO,66272426
2b0a2fe6d4be,22-13-0001-45,"INSTITUTO MIXTO DE EDUCACION ""CONGUAQUENSE""",JUTIAPA,CONGUACO,CONGUACO,URBANA,PRIVADO,ABIERTA,VESPERTINA,DIARIO(REGULAR),MONOLINGUE,BASICO,54688734.0
2b0a2fe6d4be,22-13-0034-45,INSTITUTO MIXTO DE EDUCACION CONGUAQUENSE,JUTIAPA,CONGUACO,CONGUACO,RURAL,PRIVADO,ABIERTA,DOBLE,FIN DE SEMANA,MONOLINGUE,BASICO,42848727.0
2ffdee17722c,18-02-0379-46,"COLEGIO PARTICULAR MIXTO BILINGÜE ""SAN FELIPE IZABAL""",IZABAL,LIVINGSTON,ALDEA SAN FELIPE DE LARA,RURAL,PRIVADO,ABIERTA,MATUTINA,DIARIO(REGULAR),BILINGUE,DIVERSIFICADO,58259443
2ffdee17722c,18-02-0346-45,"COLEGIO PARTICULAR MIXTO BILINGÜE ""SAN FELIPE, IZABAL""",IZABAL,LIVINGSTON,ALDEA SAN FELIPE DE LARA,URBANA,PRIVADO,ABIERTA,MATUTINA,DIARIO(REGULAR),BILINGUE,BASICO,31808088
32d1b31494af,22-17-0030-45,COLEGIO PARTICULAR MIXTO BILINGUE SANTA FE,JUTIAPA,QUESADA,ALDEA BUENA VISTA,RURAL,PRIVADO,ABIERTA,DOBLE,FIN DE SEMANA,MONOLINGUE,BASICO,52169634.0
32d1b31494af,22-17-0031-46,COLEGIO PARTICULAR MIXTO BILINGUE SANTA FE,JUTIAPA,QUESADA,ALDEA BUENA VISTA,RURAL,PRIVADO,ABIERTA,DOBLE,FIN DE SEMANA,MONOLINGUE,DIVERSIFICADO,52169634.0
32d1b31494af,22-17-0014-45,COLEGIO PARTICULAR MIXTO BILINGUE SANTA FE,JUTIAPA,QUESADA,ALDEA BUENA VISTA,URBANA,PRIVADO,ABIERTA,VESPERTINA,DIARIO(REGULAR),MONOLINGUE,BASICO,54255426.0
32d1b31494af,22-17-0015-46,COLEGIO PARTICULAR MIXTO BILINGUE SANTA FE,JUTIAPA,QUESADA,ALDEA BUENA VISTA,URBANA,PRIVADO,ABIERTA,VESPERTINA,DIARIO(REGULAR),MONOLINGUE,DIVERSIFICADO,54262545.0
32d1b31494af,22-17-0045-45,COLEGIO PARTICULAR MIXTO BILINGÜE SANTA FE,JUTIAPA,QUESADA,ALDEA BUENA VISTA,RURAL,PRIVADO,ABIERTA,SIN JORNADA,SEMIPRESENCIAL (UN DÍA A LA SEMANA),MONOLINGUE,BASICO,49140649.0
32d1b31494af,22-17-0046-46,COLEGIO PARTICULAR MIXTO BILINGÜE SANTA FE,JUTIAPA,QUESADA,ALDEA BUENA VISTA,RURAL,PRIVADO,ABIERTA,SIN JORNADA,SEMIPRESENCIAL (UN DÍA A LA SEMANA),MONOLINGUE,DIVERSIFICADO,49140649.0
32d1b31494af,22-17-0036-45,COLEGIO PARTICULAR MIXTO BILINGÜE SANTA FÉ,JUTIAPA,QUESADA,ALDEA BUENA VISTA,RURAL,PRIVADO,ABIERTA,MATUTINA,DIARIO(REGULAR),MONOLINGUE,BASICO,49140649.0
34e0940dfbee,17-03-0115-46,"LICEO DE CIENCIAS TECNICAS ""EL REDENTOR""",PETEN,SAN BENITO,BARRIO 3 DE ABRIL,URBANA,PRIVADO,ABIERTA,DOBLE,FIN DE SEMANA,MONOLINGUE,DIVERSIFICADO,47981031
34e0940dfbee,17-03-0021-45,LICEO DE CIENCIAS TECNICAS EL REDENTOR,PETEN,SAN BENITO,BARRIO 3 DE ABRIL.,RURAL,PRIVADO,ABIERTA,DOBLE,FIN DE SEMANA,MONOLINGUE,BASICO,47981031
34e0940dfbee,17-03-0144-45,LICEO DE CIENCIAS TÉCNICAS EL REDENTOR,PETEN,SAN BENITO,BARRIO 3 DE ABRIL,URBANA,PRIVADO,ABIERTA,SIN JORNADA,SEMIPRESENCIAL (UN DÍA A LA SEMANA),MONOLINGUE,BASICO,47981031
34e0940dfbee,17-03-0145-46,LICEO DE CIENCIAS TÉCNICAS EL REDENTOR,PETEN,SAN BENITO,BARRIO 3 DE ABRIL,URBANA,PRIVADO,ABIERTA,SIN JORNADA,SEMIPRESENCIAL (UN DÍA A LA SEMANA),MONOLINGUE,DIVERSIFICADO,47981031
36c47ea18d7e,17-03-4112-46,CENTRO EDUCATIVO CRISTIANO CON ORIENTACION UNIVERSITARIA EL SHADDAI,PETEN,SAN BENITO,BARRIO EL PORVENIR SAN BENITO,RURAL,PRIVADO,ABIERTA,DOBLE,FIN DE SEMANA,MONOLINGUE,DIVERSIFICADO,79263476
36c47ea18d7e,17-03-4111-46,CENTRO EDUCATIVO CRISTIANO CON ORIENTACION UNIVERSITARIA EL SHADDAI,PETEN,SAN BENITO,BARRIO EL PORVENIR SAN BENITO,RURAL,PRIVADO,ABIERTA,VESPERTINA,DIARIO(REGULAR),MONOLINGUE,DIVERSIFICADO,79263476
36c47ea18d7e,17-03-0089-46,CENTRO EDUCATIVO CRISTIANO CON ORIENTACION UNIVERSITARIA EL SHADDAI,PETEN,SAN BENITO,BARRIO EL PORVENIR SAN BENITO,URBANA,PRIVADO,ABIERTA,DOBLE,DIARIO(REGULAR),MONOLINGUE,DIVERSIFICADO,79263476
3739c1ea145a,01-08-0939-46,INSTITUTO DE EDUCACIÓN BÁSICA DOCTOR THEO BLOEM,GUATEMALA,MIXCO,64 CALLE 13-57 ALDEA SACOJ CHIQUITO ZONA 6 MIXCO,RURAL,PRIVADO,ABIERTA,MATUTINA,DIARIO(REGULAR),MONOLINGUE,DIVERSIFICADO,24366554
3739c1ea145a,01-08-0535-46,INSTITUTO DE EDUCACIÓN BÁSICA DOCTOR THEO BLOEM,GUATEMALA,MIXCO,64 CALLE 13-57 ALDEA SACOJ CHIQUITO ZONA 6 MIXCO,URBANA,PRIVADO,ABIERTA,VESPERTINA,DIARIO(REGULAR),MONOLINGUE,DIVERSIFICADO,24366554
3a811ca2b6ce,03-01-0860-46,COLEGIO MIXTO INTEGRAL SANTIAGO,SACATEPEQUEZ,ANTIGUA GUATEMALA,LOTIFICACION EL COROZAL NO. 6-7 ALDEA SANTA ANA,RURAL,PRIVADO,ABIERTA,DOBLE,DIARIO(REGULAR),MONOLINGUE,DIVERSIFICADO,78325188
3a811ca2b6ce,03-01-0172-46,COLEGIO MIXTO INTEGRAL SANTIAGO,SACATEPEQUEZ,ANTIGUA GUATEMALA,LOTIFICACION EL COROZAL NO. 6-7 ALDEA SANTA ANA,RURAL,PRIVADO,ABIERTA,MATUTINA,DIARIO(REGULAR),MONOLINGUE,DIVERSIFICADO,78325208
3a811ca2b6ce,03-01-1394-46,COLEGIO MIXTO INTEGRAL SANTIAGO,SACATEPEQUEZ,ANTIGUA GUATEMALA,LOTIFICACION EL COROZAL NO.6-7 ALDEA SANTA ANA,RURAL,PRIVADO,ABIERTA,VESPERTINA,DIARIO(REGULAR),MONOLINGUE,DIVERSIFICADO,78325188
3a811ca2b6ce,03-01-0781-45,COLEGIO MIXTO INTEGRAL SANTIAGO,SACATEPEQUEZ,ANTIGUA GUATEMALA,LOTIFICACION EL COROZAL NO.6-7 ALDEA SANTA ANA,URBANA,PRIVADO,ABIERTA,MATUTINA,DIARIO(REGULAR),MONOLINGUE,BASICO,78325188.0
489cfacb1ca5,01-05-0131-45,LICEO TECNOLÓGICO PROFESIONAL DE PALENCIA,GUATEMALA,PALENCIA,"0 AVENIDA 0-06, CANTÓN AGUA TIBIA",RURAL,PRIVADO,ABIERTA,DOBLE,FIN DE SEMANA,MONOLINGUE,BASICO,54799478
489cfacb1ca5,01-05-0130-45,LICEO TECNOLÓGICO PROFESIONAL DE PALENCIA,GUATEMALA,PALENCIA,"0 AVENIDA 0-06, CANTÓN AGUA TIBIA",RURAL,PRIVADO,ABIERTA,SIN JORNADA,SEMIPRESENCIAL (DOS DÍAS A LA SEMANA),MONOLINGUE,BASICO,54799478
489cfacb1ca5,01-05-0116-46,LICEO TECNOLÓGICO PROFESIONAL DE PALENCIA,GUATEMALA,PALENCIA,"0 AVENIDA 0-06, CANTÓN AGUA TIBIA",RURAL,PRIVADO,ABIERTA,VESPERTINA,DIARIO(REGULAR),MONOLINGUE,DIVERSIFICADO,54799478
489cfacb1ca5,01-05-0037-45,LICEO TECNOLÓGICO PROFESIONAL DE PALENCIA,GUATEMALA,PALENCIA,"0 AVENIDA 0-06, CANTON AGUA TIBIA",URBANA,PRIVADO,ABIERTA,MATUTINA,DIARIO(REGULAR),MONOLINGUE,BASICO,33198752
489cfacb1ca5,01-05-0038-46,LICEO TECNOLÓGICO PROFESIONAL DE PALENCIA,GUATEMALA,PALENCIA,"0 AVENIDA 0-06, CANTON AGUA TIBIA",URBANA,PRIVADO,ABIERTA,MATUTINA,DIARIO(REGULAR),MONOLINGUE,DIVERSIFICADO,54799478
4d8b12320363,03-05-0029-45,INSTITUTO MIXTO MUNICIPAL NAWAL,SACATEPEQUEZ,SANTO DOMINGO XENACOJ,"CHICACOTOJ, COLONIA EL ESFUERZO",RURAL,PRIVADO,ABIERTA,SIN JORNADA,SEMIPRESENCIAL (FIN DE SEMANA),MONOLINGUE,BASICO,42180755.0
4d8b12320363,03-05-0030-46,INSTITUTO MIXTO MUNICIPAL NAWAL,SACATEPEQUEZ,SANTO DOMINGO XENACOJ,"CHICACOTOJ, COLONIA EL ESFUERZO",RURAL,PRIVADO,ABIERTA,SIN JORNADA,SEMIPRESENCIAL (FIN DE SEMANA),MONOLINGUE,DIVERSIFICADO,42180755
4d8b12320363,03-05-1131-45,INSTITUTO MIXTO MUNICIPAL NAWAL,SACATEPEQUEZ,SANTO DOMINGO XENACOJ,CHICACOTOJ COLONIA EL ESFUERZO,URBANA,MUNICIPAL,ABIERTA,DOBLE,FIN DE SEMANA,MONOLINGUE,BASICO,49196255.0
4e0ceb953583,01-15-8386-45,COLEGIO MIXTO REAL EL VALLE,GUATEMALA,VILLA NUEVA,12 AVENIDA 3-73 ZONA 1,RURAL,PRIVADO,ABIERTA,MATUTINA,DIARIO(REGULAR),MONOLINGUE,BASICO,54674673
4e0ceb953583,01-15-0166-45,COLEGIO MIXTO REAL EL VALLE,GUATEMALA,VILLA NUEVA,"12 AVENIDA, 3-73, ZONA 1",URBANA,PRIVADO,ABIERTA,DOBLE,FIN DE SEMANA,MONOLINGUE,BASICO,55134593
4e0ceb953583,01-15-9393-46,COLEGIO MIXTO REAL EL VALLE,GUATEMALA,VILLA NUEVA,12 AVENIDA 3-73 ZONA 1,URBANA,PRIVADO,ABIERTA,DOBLE,FIN DE SEMANA,MONOLINGUE,DIVERSIFICADO,34341116
4e0ceb953583,01-15-0108-46,COLEGIO MIXTO REAL EL VALLE,GUATEMALA,VILLA NUEVA,12 AVENIDA 3-73 ZONA 1,URBANA,PRIVADO,ABIERTA,MATUTINA,DIARIO(REGULAR),MONOLINGUE,DIVERSIFICADO,nan
4ecaec588c42,05-06-0067-45,COLEGIO TECNOLOGICO EN INFORMATICA MILJU-NET,ESCUINTLA,TIQUISATE,ALDEA TICANLU,RURAL,PRIVADO,ABIERTA,DOBLE,FIN DE SEMANA,MONOLINGUE,BASICO,55544708.0
4ecaec588c42,05-06-0038-45,COLEGIO TECNOLOGICO EN INFORMATICA MILJU-NET,ESCUINTLA,TIQUISATE,ALDEA TICANLU,RURAL,PRIVADO,ABIERTA,VESPERTINA,DIARIO(REGULAR),MONOLINGUE,BASICO,55544708.0
4ecaec588c42,05-06-0107-46,COLEGIO TECNOLÓGICO EN INFORMÁTICA MILJU-NET,ESCUINTLA,TIQUISATE,ALDEA TICANLÚ,RURAL,PRIVADO,ABIERTA,DOBLE,FIN DE SEMANA,MONOLINGUE,DIVERSIFICADO,55544708
4ecaec588c42,05-06-0139-45,COLEGIO TECNOLÓGICO EN INFORMÁTICA MILJU-NET,ESCUINTLA,TIQUISATE,ALDEA TICANLÚ,RURAL,PRIVADO,ABIERTA,SIN JORNADA,SEMIPRESENCIAL (UN DÍA A LA SEMANA),MONOLINGUE,BASICO,55544708.0
4ecaec588c42,05-06-0140-46,COLEGIO TECNOLÓGICO EN INFORMÁTICA MILJU-NET,ESCUINTLA,TIQUISATE,ALDEA TICANLÚ,RURAL,PRIVADO,ABIERTA,SIN JORNADA,SEMIPRESENCIAL (UN DÍA A LA SEMANA),MONOLINGUE,DIVERSIFICADO,55544708
4ecaec588c42,05-06-0057-46,COLEGIO TECNOLÓGICO EN INFORMÁTICA MILJU-NET,ESCUINTLA,TIQUISATE,ALDEA TICANLÚ,RURAL,PRIVADO,ABIERTA,VESPERTINA,DIARIO(REGULAR),MONOLINGUE,DIVERSIFICADO,55544708
4ecaec588c42,05-06-0108-46,COLEGIO TECNOLÓGICO EN INFORMÁTICA MILJU-NET,ESCUINTLA,TIQUISATE,ALDEA TICANLÚ,RURAL,PRIVADO,ABIERTA,VESPERTINA,DIARIO(REGULAR),MONOLINGUE,DIVERSIFICADO,55544708
4ecaec588c42,05-06-0039-46,COLEGIO TECNOLÓGICO EN INFORMÁTICA MILJU-NET,ESCUINTLA,TIQUISATE,ALDEA TICANLÚ,URBANA,PRIVADO,ABIERTA,VESPERTINA,DIARIO(REGULAR),MONOLINGUE,DIVERSIFICADO,55544708
4f9a2c2475ce,21-01-0323-45,COLEGIO NUESTRA SEÑORA DE LOS ÁNGELES,JALAPA,JALAPA,BARRIO LLANO GRANDE,RURAL,PRIVADO,ABIERTA,VESPERTINA,DIARIO(REGULAR),MONOLINGUE,BASICO,55723437
4f9a2c2475ce,21-01-0357-46,COLEGIO NUESTRA SEÑORA DE LOS ÁNGELES,JALAPA,JALAPA,BARRIO LLANO GRANDE,URBANA,PRIVADO,ABIERTA,VESPERTINA,DIARIO(REGULAR),MONOLINGUE,DIVERSIFICADO,55723437
4fcf950b9f01,17-05-4057-46,COLEGIO SANTA CRUZ,PETEN,LA LIBERTAD,BARRIO SANTA CRUZ,RURAL,PRIVADO,ABIERTA,DOBLE,FIN DE SEMANA,MONOLINGUE,DIVERSIFICADO,79243704
4fcf950b9f01,17-05-0331-45,COLEGIO SANTA CRUZ,PETEN,LA LIBERTAD,BARRIO SANTA CRUZ,URBANA,PRIVADO,ABIERTA,SIN JORNADA,SEMIPRESENCIAL (UN DÍA A LA SEMANA),MONOLINGUE,BASICO,53407688
5141526c9336,22-02-0025-45,COLEGIO PARTICULAR MIXTO LICEO PROGRESO,JUTIAPA,EL PROGRESO,CALZADA LA PAZ,RURAL,PRIVADO,ABIERTA,SIN JORNADA,SEMIPRESENCIAL (UN DÍA A LA SEMANA),MONOLINGUE,BASICO,78435751.0
5141526c9336,22-02-0026-46,COLEGIO PARTICULAR MIXTO LICEO PROGRESO,JUTIAPA,EL PROGRESO,CALZADA LA PAZ,URBANA,PRIVADO,ABIERTA,SIN JORNADA,SEMIPRESENCIAL (UN DÍA A LA SEMANA),MONOLINGUE,DIVERSIFICADO,78455751.0
5381aeb45bbf,07-10-0007-46,INSTITUTO NACIONAL DE EDUCACIÓN DIVERSIFICADA,SOLOLA,PANAJACHEL,0 AVENIDA 3-03 ZONA 4,RURAL,OFICIAL,ABIERTA,VESPERTINA,DIARIO(REGULAR),MONOLINGUE,DIVERSIFICADO,77621417.0
5381aeb45bbf,07-10-0041-46,INSTITUTO NACIONAL DE EDUCACIÓN DIVERSIFICADA,SOLOLA,PANAJACHEL,0 AVENIDA 3-03 ZONA 4,URBANA,OFICIAL,ABIERTA,DOBLE,DIARIO(REGULAR),MONOLINGUE,DIVERSIFICADO,77621417.0
540c5a848087,01-15-8959-46,LICEO TECNICO INDUSTRIAL MAYA TIKAL,GUATEMALA,VILLA NUEVA,3A. CALLE 9-50 ZONA 1,URBANA,PRIVADO,ABIERTA,DOBLE,DIARIO(REGULAR),MONOLINGUE,DIVERSIFICADO,66368309
540c5a848087,01-15-0453-46,LICEO TECNICO INDUSTRIAL MAYA TIKAL,GUATEMALA,VILLA NUEVA,"3A. CALLE 9-50, ZONA 1",URBANA,PRIVADO,ABIERTA,MATUTINA,DIARIO(REGULAR),MONOLINGUE,DIVERSIFICADO,66368309
540c5a848087,01-15-0484-45,LICEO TÉCNICO INDUSTRIAL MAYA TIKAL,GUATEMALA,VILLA NUEVA,3A. CALLE 9-50 ZONA 1,RURAL,PRIVADO,ABIERTA,VESPERTINA,DIARIO(REGULAR),MONOLINGUE,BASICO,53122687
540c5a848087,01-15-0482-46,LICEO TÉCNICO INDUSTRIAL MAYA TIKAL,GUATEMALA,VILLA NUEVA,"3A. CALLE 9-50, ZONA 1",URBANA,PRIVADO,ABIERTA,DOBLE,FIN DE SEMANA,MONOLINGUE,DIVERSIFICADO,53122687
540c5a848087,01-15-0502-45,LICEO TÉCNICO INDUSTRIAL MAYA TIKAL,GUATEMALA,VILLA NUEVA,3A. CALLE 9-50 ZONA 1,URBANA,PRIVADO,ABIERTA,MATUTINA,DIARIO(REGULAR),MONOLINGUE,BASICO,42110811
540c5a848087,01-15-0483-46,LICEO TÉCNICO INDUSTRIAL MAYA TIKAL,GUATEMALA,VILLA NUEVA,3A. CALLE 9-50 ZONA 1,URBANA,PRIVADO,ABIERTA,VESPERTINA,DIARIO(REGULAR),MONOLINGUE,DIVERSIFICADO,53122687
5599429471eb,16-07-0206-46,COLEGIO PRIVADO LICEO POLOCHIC,ALTA VERAPAZ,PANZOS,ALDEA TELEMAN,RURAL,PRIVADO,ABIERTA,DOBLE,FIN DE SEMANA,MONOLINGUE,DIVERSIFICADO,53318658
5599429471eb,16-07-0212-45,COLEGIO PRIVADO LICEO POLOCHIC,ALTA VERAPAZ,PANZOS,ALDEA TELEMAN,RURAL,PRIVADO,ABIERTA,SIN JORNADA,SEMIPRESENCIAL (FIN DE SEMANA),MONOLINGUE,BASICO,53318658
5599429471eb,16-07-0213-46,COLEGIO PRIVADO LICEO POLOCHIC,ALTA VERAPAZ,PANZOS,ALDEA TELEMAN,RURAL,PRIVADO,ABIERTA,SIN JORNADA,SEMIPRESENCIAL (FIN DE SEMANA),MONOLINGUE,DIVERSIFICADO,53318658
5599429471eb,16-07-0238-45,COLEGIO PRIVADO LICEO POLOCHIC,ALTA VERAPAZ,PANZOS,ALDEA TELEMAN,URBANA,PRIVADO,ABIERTA,DOBLE,FIN DE SEMANA,MONOLINGUE,BASICO,53318658
59245d674fa6,18-01-0313-46,"COLEGIO MIXTO BILINGUE ""QUETZALLI""",IZABAL,PUERTO BARRIOS,"3A. CALLE 15A. AVENIDA, COLONIA LAS FLORES, SANTO TOMAS DE CASTILLA",RURAL,PRIVADO,ABIERTA,MATUTINA,DIARIO(REGULAR),MONOLINGUE,DIVERSIFICADO,79600197
59245d674fa6,18-01-0312-45,"COLEGIO MIXTO BILINGUE ""QUETZALLI""",IZABAL,PUERTO BARRIOS,"3A. CALLE 15A. AVENIDA, COLONIA LAS FLORES, SANTO TOMAS DE CASTILLA",RURAL,PRIVADO,ABIERTA,VESPERTINA,DIARIO(REGULAR),MONOLINGUE,BASICO,79600197
59245d674fa6,18-01-0316-45,"COLEGIO MIXTO BILINGUE ""QUETZALLI""",IZABAL,PUERTO BARRIOS,"3A. CALLE 15A. AVENIDA, COLONIA LAS FLORES, SANTO TOMAS DE CASTILLA",URBANA,PRIVADO,ABIERTA,DOBLE,FIN DE SEMANA,MONOLINGUE,BASICO,79600197
5929268d1836,18-01-0201-45,"INSTITUTO PREUNIVERSITARIO DE IZABAL ""PREU""",IZABAL,PUERTO BARRIOS,COLONIA SAN CRISTOBAL ENTRE RIOS,URBANA,PRIVADO,ABIERTA,DOBLE,FIN DE SEMANA,MONOLINGUE,BASICO,79475275
5929268d1836,18-01-0205-46,"INSTITUTO PREUNIVERSITARIO DE IZABAL ""PREU""",IZABAL,PUERTO BARRIOS,COLONIA SAN CRISTOBAL ENTRE RIOS,URBANA,PRIVADO,ABIERTA,VESPERTINA,DIARIO(REGULAR),MONOLINGUE,DIVERSIFICADO,49026498
5929268d1836,18-01-0433-45,INSTITUTO PREUNIVERSITARIO DE IZABAL PREU,IZABAL,PUERTO BARRIOS,COLONIA SAN CRISTOBAL ENTRE RIOS,RURAL,PRIVADO,ABIERTA,SIN JORNADA,SEMIPRESENCIAL (FIN DE SEMANA),MONOLINGUE,BASICO,49026498
5929268d1836,18-01-0434-46,INSTITUTO PREUNIVERSITARIO DE IZABAL PREU,IZABAL,PUERTO BARRIOS,COLONIA SAN CRISTOBAL ENTRE RIOS,RURAL,PRIVADO,ABIERTA,SIN JORNADA,SEMIPRESENCIAL (FIN DE SEMANA),MONOLINGUE,DIVERSIFICADO,49026498
5bcf477a85a0,12-09-0165-46,CENTRO DE EDCACIÓN EXTRAESCOLAR-CEEX-,SAN MARCOS,TAJUMULCO,TAJUMULCO,RURAL,PRIVADO,ABIERTA,DOBLE,SEMIPRESENCIAL,MONOLINGUE,DIVERSIFICADO,41122936.0
5bcf477a85a0,12-09-0164-45,CENTRO DE EDCACIÓN EXTRAESCOLAR_CEEX_,SAN MARCOS,TAJUMULCO,TAJUMULCO,URBANA,PRIVADO,ABIERTA,DOBLE,SEMIPRESENCIAL,MONOLINGUE,BASICO,41122936.0
5c76cae09b77,13-12-5946-45,INSTITUTO PARTICULAR MIXTO 'DEMOCRACENSE',HUEHUETENANGO,LA DEMOCRACIA,ALDEA CAMOJALLITO,RURAL,PRIVADO,ABIERTA,DOBLE,FIN DE SEMANA,MONOLINGUE,BASICO,30620035.0
5c76cae09b77,13-12-5947-46,INSTITUTO PARTICULAR MIXTO DEMOCRACENSE,HUEHUETENANGO,LA DEMOCRACIA,ALDEA CAMOJALLITO,RURAL,PRIVADO,ABIERTA,DOBLE,FIN DE SEMANA,MONOLINGUE,DIVERSIFICADO,30620035.0
5c76cae09b77,13-12-0134-46,INSTITUTO PARTICULAR MIXTO DEMOCRACENSE,HUEHUETENANGO,LA DEMOCRACIA,ALDEA CAMOJALLITO,RURAL,PRIVADO,ABIERTA,SIN JORNADA,SEMIPRESENCIAL (FIN DE SEMANA),MONOLINGUE,DIVERSIFICADO,30620035.0
5c76cae09b77,13-12-0081-46,INSTITUTO PARTICULAR MIXTO DEMOCRACENSE,HUEHUETENANGO,LA DEMOCRACIA,ALDEA CAMOJALLITO,URBANA,PRIVADO,ABIERTA,DOBLE,FIN DE SEMANA,MONOLINGUE,DIVERSIFICADO,31227589.0
5c76cae09b77,13-12-0135-45,INSTITUTO PARTICULAR MIXTO DEMOCRACENSE,HUEHUETENANGO,LA DEMOCRACIA,ALDEA CAMOJALLITO,URBANA,PRIVADO,ABIERTA,SIN JORNADA,SEMIPRESENCIAL (FIN DE SEMANA),MONOLINGUE,BASICO,30620035.0
5ea465d45e75,01-02-6170-45,COLEGIO BILINGUE 'VALLES DE VISTA HERMOSA',GUATEMALA,SANTA CATARINA PINULA,KM. 18.5 CARRETERA A EL SALVADOR LOTIFICACION LAS MARGARITAS LOTE 26,URBANA,PRIVADO,ABIERTA,MATUTINA,DIARIO(REGULAR),MONOLINGUE,BASICO,66342012
5ea465d45e75,01-02-6805-46,COLEGIO BILINGUE VALLES DE VISTA HERMOSA,GUATEMALA,SANTA CATARINA PINULA,KM. 18.5 CARRETERA A EL SALVADOR LOTIFICACION LAS MARGARITAS LOTE 26,RURAL,PRIVADO,ABIERTA,MATUTINA,DIARIO(REGULAR),MONOLINGUE,DIVERSIFICADO,66342012
61345880e34f,10-08-0020-45,"INSTITUTO PRIVADO MIXTO ""CONCEPCION""",SUCHITEPEQUEZ,SAMAYAC,"CANTON CONCEPCION, SECTOR LA MANCHURIA",RURAL,PRIVADO,ABIERTA,DOBLE,FIN DE SEMANA,MONOLINGUE,BASICO,51127345
61345880e34f,10-08-0021-45,"INSTITUTO PRIVADO MIXTO ""CONCEPCION""",SUCHITEPEQUEZ,SAMAYAC,"CANTON CONCEPCION, SECTOR LA MANCHURIA",RURAL,PRIVADO,ABIERTA,DOBLE,FIN DE SEMANA,MONOLINGUE,BASICO,56217153
61345880e34f,10-08-0022-46,"INSTITUTO PRIVADO MIXTO ""CONCEPCION""",SUCHITEPEQUEZ,SAMAYAC,"CANTON CONCEPCION, SECTOR LA MANCHURIA",RURAL,PRIVADO,ABIERTA,DOBLE,FIN DE SEMANA,MONOLINGUE,DIVERSIFICADO,51127345.0
61345880e34f,10-08-0032-45,"INSTITUTO PRIVADO MIXTO ""CONCEPCION""",SUCHITEPEQUEZ,SAMAYAC,"CANTON CONCEPCION, SECTOR LA MANCHURIA",URBANA,PRIVADO,ABIERTA,MATUTINA,DIARIO(REGULAR),MONOLINGUE,BASICO,3765639
61345880e34f,10-08-0023-45,"INSTITUTO PRIVADO MIXTO ""CONCEPCION""",SUCHITEPEQUEZ,SAMAYAC,"CANTON CONCEPCION, SECTOR LA MANCHURIA",URBANA,PRIVADO,ABIERTA,VESPERTINA,DIARIO(REGULAR),MONOLINGUE,BASICO,51127345
61345880e34f,10-08-0025-46,"INSTITUTO PRIVADO MIXTO ""CONCEPCIÓN""",SUCHITEPEQUEZ,SAMAYAC,"CANTON CONCEPCION, SECTOR LA MANCHURIA",URBANA,PRIVADO,ABIERTA,DOBLE,FIN DE SEMANA,MONOLINGUE,DIVERSIFICADO,51127345.0
61345880e34f,10-08-0024-46,"INSTITUTO PRIVADO MIXTO ""CONCEPCIÓN""",SUCHITEPEQUEZ,SAMAYAC,"CANTON CONCEPCION, SECTOR LA MANCHURIA",URBANA,PRIVADO,ABIERTA,MATUTINA,DIARIO(REGULAR),MONOLINGUE,DIVERSIFICADO,51127345.0
61345880e34f,10-08-0026-46,"INSTITUTO PRIVADO MIXTO ""CONCEPCIÓN""",SUCHITEPEQUEZ,SAMAYAC,"CANTON CONCEPCION, SECTOR LA MANCHURIA",URBANA,PRIVADO,ABIERTA,VESPERTINA,DIARIO(REGULAR),MONOLINGUE,DIVERSIFICADO,51127345.0
6186bd68303c,18-01-0282-45,LICEO EDUCATIVO DE FORMACION INTEGRAL FUENTE DE VIDA,IZABAL,PUERTO BARRIOS,CASERIO COLINA II DE SANTO TOMAS DE CASTILLA,RURAL,PRIVADO,ABIERTA,DOBLE,FIN DE SEMANA,MONOLINGUE,BASICO,56112748
6186bd68303c,18-01-0285-46,LICEO EDUCATIVO DE FORMACION INTEGRAL FUENTE DE VIDA,IZABAL,PUERTO BARRIOS,CASERIO COLINA II DE SANTO TOMAS DE CASTILLA,URBANA,PRIVADO,ABIERTA,DOBLE,FIN DE SEMANA,MONOLINGUE,DIVERSIFICADO,56112748
6186bd68303c,18-01-0281-45,LICEO EDUCATIVO DE FORMACION INTEGRAL FUENTE DE VIDA,IZABAL,PUERTO BARRIOS,CASERIO COLINA II DE SANTO TOMAS DE CASTILLA,URBANA,PRIVADO,ABIERTA,VESPERTINA,DIARIO(REGULAR),MONOLINGUE,BASICO,56112748
62559d23cf1e,18-04-0499-45,"CENTRO EDUCATIVO ""MAYA SYSTEMS""",IZABAL,MORALES,ALDEA LOS ANDES,RURAL,PRIVADO,ABIERTA,SIN JORNADA,SEMIPRESENCIAL (FIN DE SEMANA),MONOLINGUE,BASICO,53696154
62559d23cf1e,18-04-0500-46,"CENTRO EDUCATIVO ""MAYA SYSTEMS""",IZABAL,MORALES,ALDEA LOS ANDES,RURAL,PRIVADO,ABIERTA,SIN JORNADA,SEMIPRESENCIAL (FIN DE SEMANA),MONOLINGUE,DIVERSIFICADO,53626154
62559d23cf1e,18-04-0137-46,"CENTRO EDUCATIVO ""MAYA SYSTEMS""",IZABAL,MORALES,ALDEA LOS ANDES,RURAL,PRIVADO,ABIERTA,VESPERTINA,DIARIO(REGULAR),MONOLINGUE,DIVERSIFICADO,53626154
62559d23cf1e,18-04-0138-46,CENTRO EDUCATIVO MAYA SYSTEMS,IZABAL,MORALES,ALDEA LOS ANDES,RURAL,PRIVADO,ABIERTA,DOBLE,FIN DE SEMANA,MONOLINGUE,DIVERSIFICADO,53626154
62559d23cf1e,18-04-0418-46,CENTRO EDUCATIVO MAYA SYSTEMS,IZABAL,MORALES,ALDEA LOS ANDES,RURAL,PRIVADO,ABIERTA,DOBLE,FIN DE SEMANA,MONOLINGUE,DIVERSIFICADO,53626154
62559d23cf1e,18-04-3261-46,CENTRO EDUCATIVO MAYA SYSTEMS,IZABAL,MORALES,ALDEA LOS ANDES,RURAL,PRIVADO,ABIERTA,DOBLE,FIN DE SEMANA,MONOLINGUE,DIVERSIFICADO,53626154
62559d23cf1e,18-04-0011-45,CENTRO EDUCATIVO MAYA SYSTEMS,IZABAL,MORALES,ALDEA LOS ANDES,URBANA,PRIVADO,ABIERTA,MATUTINA,DIARIO(REGULAR),MONOLINGUE,BASICO,53626154
62559d23cf1e,18-04-0012-45,CENTRO EDUCATIVO MAYA SYSTEMS,IZABAL,MORALES,ALDEA LOS ANDES,URBANA,PRIVADO,ABIERTA,MATUTINA,FIN DE SEMANA,MONOLINGUE,BASICO,53626154
641140c282a1,18-01-0445-46,"INSTITUTO PARTICULAR MIXTO ""ADONAI""",IZABAL,PUERTO BARRIOS,CASERIO LA REFINERIA,RURAL,PRIVADO,ABIERTA,SIN JORNADA,SEMIPRESENCIAL (FIN DE SEMANA),MONOLINGUE,DIVERSIFICADO,54837080
641140c282a1,18-01-0374-45,"INSTITUTO PARTICULAR MIXTO ""ADONAI""",IZABAL,PUERTO BARRIOS,CASERIO LA REFINERIA,URBANA,PRIVADO,ABIERTA,DOBLE,FIN DE SEMANA,MONOLINGUE,BASICO,54837080
641140c282a1,18-01-0377-46,"INSTITUTO PARTICULAR MIXTO ""ADONAI""",IZABAL,PUERTO BARRIOS,CASERIO LA REFINERIA,URBANA,PRIVADO,ABIERTA,DOBLE,FIN DE SEMANA,MONOLINGUE,DIVERSIFICADO,54837080
641140c282a1,18-01-0378-46,"INSTITUTO PARTICULAR MIXTO ""ADONAI""",IZABAL,PUERTO BARRIOS,CASERIO LA REFINERIA,URBANA,PRIVADO,ABIERTA,DOBLE,FIN DE SEMANA,MONOLINGUE,DIVERSIFICADO,54837080
641140c282a1,18-01-0444-45,INSTITUTO PARTICULAR MIXTO ADONAI,IZABAL,PUERTO BARRIOS,CASERIO LA REFINERIA,RURAL,PRIVADO,ABIERTA,SIN JORNADA,SEMIPRESENCIAL (FIN DE SEMANA),MONOLINGUE,BASICO,54837080
661ca45e48a2,01-16-9736-46,LICEO PREUNIVERSITARIO DE INFORMATICA Y TECNOLOGIA,GUATEMALA,VILLA CANALES,1A. AVENIDA 1-41 ZONA 2 ALDEA EL PORVENIR,RURAL,PRIVADO,ABIERTA,DOBLE,FIN DE SEMANA,MONOLINGUE,DIVERSIFICADO,56985536
661ca45e48a2,01-16-0060-45,LICEO PREUNIVERSITARIO DE INFORMATICA Y TECNOLOGIA,GUATEMALA,VILLA CANALES,1A. AVENIDA 1-41 ZONA 2 ALDEA EL PORVENIR,RURAL,PRIVADO,ABIERTA,VESPERTINA,DIARIO(REGULAR),MONOLINGUE,BASICO,56985536
661ca45e48a2,01-16-9735-45,LICEO PREUNIVERSITARIO DE INFORMATICA Y TECNOLOGIA,GUATEMALA,VILLA CANALES,1A. AVENIDA 1-41 ZONA 2 ALDEA EL PORVENIR,URBANA,PRIVADO,ABIERTA,DOBLE,FIN DE SEMANA,MONOLINGUE,BASICO,56985536
661ca45e48a2,01-16-0069-45,LICEO PREUNIVERSITARIO DE INFORMATICA Y TECNOLOGIA,GUATEMALA,VILLA CANALES,1A. AVENIDA 1-41 ZONA 2 ALDEA EL PORVENIR,URBANA,PRIVADO,ABIERTA,MATUTINA,DIARIO(REGULAR),MONOLINGUE,BASICO,56985536
661ca45e48a2,01-16-9734-46,LICEO PREUNIVERSITARIO DE INFORMATICA Y TECNOLOGIA,GUATEMALA,VILLA CANALES,1A. AVENIDA 1-41 ZONA 2 ALDEA EL PORVENIR,URBANA,PRIVADO,ABIERTA,VESPERTINA,DIARIO(REGULAR),MONOLINGUE,DIVERSIFICADO,56985536
661ca45e48a2,01-16-0106-46,LICEO PREUNIVERSITARIO DE INFORMÁTICA Y TECNOLOGÍA,GUATEMALA,VILLA CANALES,1A. AVENIDA 1-41 ZONA 2 ALDEA EL PORVENIR,RURAL,PRIVADO,ABIERTA,DOBLE,FIN DE SEMANA,MONOLINGUE,DIVERSIFICADO,56985536
661ca45e48a2,01-16-0172-45,LICEO PREUNIVERSITARIO DE INFORMÁTICA Y TECNOLOGÍA,GUATEMALA,VILLA CANALES,1A. AVENIDA 1-41 ZONA 2 ALDEA EL PORVENIR,RURAL,PRIVADO,ABIERTA,SIN JORNADA,SEMIPRESENCIAL (FIN DE SEMANA),MONOLINGUE,BASICO,56985536
661ca45e48a2,01-16-0173-46,LICEO PREUNIVERSITARIO DE INFORMÁTICA Y TECNOLOGÍA,GUATEMALA,VILLA CANALES,1A. AVENIDA 1-41 ZONA 2 ALDEA EL PORVENIR,RURAL,PRIVADO,ABIERTA,SIN JORNADA,SEMIPRESENCIAL (FIN DE SEMANA),MONOLINGUE,DIVERSIFICADO,56985536
6691ab4133d8,22-12-0066-45,"COLEGIO PARTICULAR MIXTO ""SAN JOSÉ OBRERO II""",JUTIAPA,JALPATAGUA,"CASERIO EL CIPRES, ALDEA SAN IXTAN",RURAL,PRIVADO,ABIERTA,DOBLE,FIN DE SEMANA,MONOLINGUE,BASICO,48760444.0
6691ab4133d8,22-12-2084-46,COLEGIO PARTICULAR MIXTO SAN JOSE OBRERO II,JUTIAPA,JALPATAGUA,CASERIO EL CIPRES ALDEA SAN IXTAN,RURAL,PRIVADO,ABIERTA,DOBLE,FIN DE SEMANA,MONOLINGUE,DIVERSIFICADO,52933301.0
6691ab4133d8,22-12-1841-45,COLEGIO PARTICULAR MIXTO SAN JOSE OBRERO II,JUTIAPA,JALPATAGUA,CASERIO EL CIPRES ALDEA SAN IXTAN,RURAL,PRIVADO,ABIERTA,MATUTINA,DIARIO(REGULAR),MONOLINGUE,BASICO,52933301.0
6691ab4133d8,22-12-1947-46,COLEGIO PARTICULAR MIXTO SAN JOSE OBRERO II,JUTIAPA,JALPATAGUA,CASERIO EL CIPRES ALDEA SAN IXTAN,URBANA,PRIVADO,ABIERTA,MATUTINA,DIARIO(REGULAR),MONOLINGUE,DIVERSIFICADO,52933301.0
6cc55a2bd16a,18-04-0016-46,"COLEGIO PARTICULAR MIXTO ""MINERVA""",IZABAL,MORALES,ALDEA PLAYITAS,RURAL,PRIVADO,ABIERTA,VESPERTINA,DIARIO(REGULAR),MONOLINGUE,DIVERSIFICADO,31089418-53230377
6cc55a2bd16a,18-04-0015-45,"COLEGIO PARTICULAR MIXTO ""MINERVA""",IZABAL,MORALES,ALDEA PLAYITAS,URBANA,PRIVADO,ABIERTA,VESPERTINA,DIARIO(REGULAR),MONOLINGUE,BASICO,53230377
6cc55a2bd16a,18-04-0170-46,COLEGIO PARTICULAR MIXTO MINERVA,IZABAL,MORALES,ALDEA PLAYITAS,RURAL,PRIVADO,ABIERTA,DOBLE,DIARIO(REGULAR),MONOLINGUE,DIVERSIFICADO,31089418
73adbbbdb27e,03-03-0044-45,COLEGIO MIXTO MONTESSORI,SACATEPEQUEZ,PASTORES,CANTON LA VEGA 3A. CALLE 1-10 ZONA 7,RURAL,PRIVADO,ABIERTA,SIN JORNADA,SEMIPRESENCIAL (FIN DE SEMANA),MONOLINGUE,BASICO,55465806.0
73adbbbdb27e,03-03-0045-46,COLEGIO MIXTO MONTESSORI,SACATEPEQUEZ,PASTORES,CANTON LA VEGA 3A. CALLE 1-10 ZONA 7,URBANA,PRIVADO,ABIERTA,SIN JORNADA,SEMIPRESENCIAL (FIN DE SEMANA),MONOLINGUE,DIVERSIFICADO,55465806
773fcbe93b18,01-06-0166-45,INSTITUTO NACIONAL DE EDUCACIÓN BÁSICA TIERRA NUEVA I,GUATEMALA,CHINAUTLA,"SECTOR 43 LOTE 0, TIERRA NUEVA I",RURAL,OFICIAL,ABIERTA,NOCTURNA,DIARIO(REGULAR),MONOLINGUE,BASICO,24837931
773fcbe93b18,01-06-0163-45,INSTITUTO NACIONAL DE EDUCACIÓN BÁSICA TIERRA NUEVA I,GUATEMALA,CHINAUTLA,"SECTOR 43 LOTE 0, TIERRA NUEVA I",URBANA,OFICIAL,ABIERTA,SIN JORNADA,SEMIPRESENCIAL (UN DÍA A LA SEMANA),MONOLINGUE,BASICO,24837931
77bcb7984c43,22-17-0025-46,"COLEGIO PARTICULAR MIXTO BILINGUE ""SAN PEDRO APÓSTOL""",JUTIAPA,QUESADA,BARRIO LA UNION,RURAL,PRIVADO,ABIERTA,DOBLE,FIN DE SEMANA,MONOLINGUE,DIVERSIFICADO,58211872.0
77bcb7984c43,22-17-0022-45,"COLEGIO PARTICULAR MIXTO BILINGÜE ""SAN PEDRO APÓSTOL""",JUTIAPA,QUESADA,BARRIO LA UNION,URBANA,PRIVADO,ABIERTA,VESPERTINA,DIARIO(REGULAR),MONOLINGUE,BASICO,57121267.0
77bcb7984c43,22-17-0023-46,"COLEGIO PARTICULAR MIXTO BILINGÜE ""SAN PEDRO APÓSTOL""",JUTIAPA,QUESADA,BARRIO LA UNION,URBANA,PRIVADO,ABIERTA,VESPERTINA,DIARIO(REGULAR),MONOLINGUE,DIVERSIFICADO,78678277.0
77d71e395b21,17-03-4110-45,CENTRO EDUCATIVO CRISTIANO CON ORIENTACION UNIVERSITARIA EL SHADDAI,PETEN,SAN BENITO,BARRIO EL PORVENIR,RURAL,PRIVADO,ABIERTA,DOBLE,FIN DE SEMANA,MONOLINGUE,BASICO,79263476
77d71e395b21,17-03-4108-45,CENTRO EDUCATIVO CRISTIANO CON ORIENTACION UNIVERSITARIA EL SHADDAI,PETEN,SAN BENITO,BARRIO EL PORVENIR,RURAL,PRIVADO,ABIERTA,MATUTINA,DIARIO(REGULAR),MONOLINGUE,BASICO,79263476
77d71e395b21,17-03-4109-45,CENTRO EDUCATIVO CRISTIANO CON ORIENTACION UNIVERSITARIA EL SHADDAI,PETEN,SAN BENITO,BARRIO EL PORVENIR,RURAL,PRIVADO,ABIERTA,VESPERTINA,DIARIO(REGULAR),MONOLINGUE,BASICO,79263476
77d71e395b21,17-03-0129-45,CENTRO EDUCATIVO CRISTIANO CON ORIENTACION UNIVERSITARIA EL SHADDAI,PETEN,SAN BENITO,BARRIO EL PORVENIR,URBANA,PRIVADO,ABIERTA,SIN JORNADA,SEMIPRESENCIAL (UN DÍA A LA SEMANA),MONOLINGUE,BASICO,79263476
77d71e395b21,17-03-0128-46,CENTRO EDUCATIVO CRISTIANO CON ORIENTACION UNIVERSITARIA EL SHADDAI,PETEN,SAN BENITO,BARRIO EL PORVENIR,URBANA,PRIVADO,ABIERTA,SIN JORNADA,SEMIPRESENCIAL (UN DÍA A LA SEMANA),MONOLINGUE,DIVERSIFICADO,79263476
78bacf90914a,01-05-0054-46,COLEGIO GUATEMALTECO TIKAL,GUATEMALA,PALENCIA,"KILOMETRO 33 CALLE REAL ZONA 0, ALDEA LOS MIXCOS",RURAL,PRIVADO,ABIERTA,DOBLE,FIN DE SEMANA,MONOLINGUE,DIVERSIFICADO,31526305
78bacf90914a,01-05-0123-45,COLEGIO GUATEMALTECO TIKAL,GUATEMALA,PALENCIA,"KILOMETRO 33 CALLE REAL, ZONA 0, ALDEA LOS MIXCOS",RURAL,PRIVADO,ABIERTA,SIN JORNADA,SEMIPRESENCIAL (FIN DE SEMANA),MONOLINGUE,BASICO,31526305
78bacf90914a,01-05-0124-46,COLEGIO GUATEMALTECO TIKAL,GUATEMALA,PALENCIA,"KILOMETRO 33 CALLE REAL, ZONA 0, ALDEA LOS MIXCOS",URBANA,PRIVADO,ABIERTA,SIN JORNADA,SEMIPRESENCIAL (FIN DE SEMANA),MONOLINGUE,DIVERSIFICADO,31526305
7c3d09dfa2f5,05-11-0122-46,"CENTRO EDUCATIVO PRIVADO ""SAN ESTEBAN""",ESCUINTLA,PALIN,4A AVENIDA 4-16 ZONA 5 COLONIA PALINCHE,RURAL,PRIVADO,ABIERTA,DOBLE,FIN DE SEMANA,MONOLINGUE,DIVERSIFICADO,54948682
7c3d09dfa2f5,05-11-0120-45,"CENTRO EDUCATIVO PRIVADO ""SAN ESTEBAN""",ESCUINTLA,PALIN,4A AVENIDA 4-16 ZONA 5 COLONIA PALINCHÉ,URBANA,PRIVADO,ABIERTA,DOBLE,FIN DE SEMANA,MONOLINGUE,BASICO,54958682.0
7f58183f4af6,01-10-0330-46,COLEGIO MIXTO EN COMPUTACIÓN EMANUEL,GUATEMALA,SAN JUAN SACATEPEQUEZ,"CASERÍO LOS PAJOQUES SECTOR 3, LOTE 251, ALDEA LOMA ALTA",RURAL,PRIVADO,ABIERTA,DOBLE,FIN DE SEMANA,MONOLINGUE,DIVERSIFICADO,30327412
7f58183f4af6,01-10-0315-45,COLEGIO MIXTO EN COMPUTACIÓN EMANUEL,GUATEMALA,SAN JUAN SACATEPEQUEZ,"CASERIO LOS PAJOQUES SECTOR 3, LOTE 251, ALDEA LOMA ALTA",RURAL,PRIVADO,ABIERTA,SIN JORNADA,SEMIPRESENCIAL (FIN DE SEMANA),MONOLINGUE,BASICO,30327412
7f58183f4af6,01-10-0316-46,COLEGIO MIXTO EN COMPUTACIÓN EMANUEL,GUATEMALA,SAN JUAN SACATEPEQUEZ,"CASERIO LOS PAJOQUES SECTOR 3, LOTE 251, ALDEA LOMA ALTA",RURAL,PRIVADO,ABIERTA,SIN JORNADA,SEMIPRESENCIAL (FIN DE SEMANA),MONOLINGUE,DIVERSIFICADO,30327412
7f58183f4af6,01-10-0331-45,COLEGIO MIXTO EN COMPUTACIÓN EMANUEL,GUATEMALA,SAN JUAN SACATEPEQUEZ,"CASERÍO LOS PAJOQUES SECTOR 3, LOTE 251, ALDEA LOMA ALTA",URBANA,PRIVADO,ABIERTA,DOBLE,SEMIPRESENCIAL,MONOLINGUE,BASICO,30327412
81f3b17c814d,01-03-0195-45,LICEO COMERCIAL ENTRE VALLES,GUATEMALA,SAN JOSE PINULA,"8A. AVENIDA 10-08 (INTERIOR LOTE 22) CANTÓN EL MATAZANO, ZONA 4",RURAL,PRIVADO,ABIERTA,MATUTINA,DIARIO(REGULAR),MONOLINGUE,BASICO,35244494
81f3b17c814d,01-03-0196-46,LICEO COMERCIAL ENTRE VALLES,GUATEMALA,SAN JOSE PINULA,"8A. AVENIDA 10-08 (INTERIOR LOTE 22) CANTÓN EL MATAZANO, ZONA 4",RURAL,PRIVADO,ABIERTA,MATUTINA,DIARIO(REGULAR),MONOLINGUE,DIVERSIFICADO,35244494
81f3b17c814d,01-03-0178-46,LICEO COMERCIAL ENTRE VALLES,GUATEMALA,SAN JOSE PINULA,"8A. AVENIDA 10-08 (INTERIOR LOTE 22) CANTÓN EL MATAZANO, ZONA 4",RURAL,PRIVADO,ABIERTA,SIN JORNADA,SEMIPRESENCIAL (FIN DE SEMANA),MONOLINGUE,DIVERSIFICADO,66382815
81f3b17c814d,01-03-0118-46,LICEO COMERCIAL ENTRE VALLES,GUATEMALA,SAN JOSE PINULA,"8A. AVENIDA 10-08 (INTERIOR LOTE 22) CANTÓN EL MATAZANO, ZONA 4",URBANA,PRIVADO,ABIERTA,MATUTINA,DIARIO(REGULAR),MONOLINGUE,DIVERSIFICADO,35244494
81f3b17c814d,01-03-0117-46,LICEO COMERCIAL ENTRE VALLES,GUATEMALA,SAN JOSE PINULA,"8A. AVENIDA 10-08 (INTERIOR LOTE 22) CANTÓN EL MATAZANO, ZONA 4",URBANA,PRIVADO,ABIERTA,VESPERTINA,DIARIO(REGULAR),MONOLINGUE,DIVERSIFICADO,35244494
857000bc4ce0,10-19-2683-45,"COLEGIO EVANGELICO PRIVADO MIXTO ""NUEVA VISIÓN""",SUCHITEPEQUEZ,PUEBLO NUEVO,SECTOR EL REBALSE,URBANA,PRIVADO,ABIERTA,VESPERTINA,DIARIO(REGULAR),MONOLINGUE,BASICO,42810991
857000bc4ce0,10-19-0017-45,COLEGIO EVANGELICO PRIVADO MIXTO NUEVA VISION,SUCHITEPEQUEZ,PUEBLO NUEVO,SECTOR EL REBALSE,RURAL,PRIVADO,ABIERTA,SIN JORNADA,SEMIPRESENCIAL (UN DÍA A LA SEMANA),MONOLINGUE,BASICO,42810991
884009ca92e7,01-08-0602-45,CENTRO EDUCATIVO JUAN PABLO II,GUATEMALA,MIXCO,FINCA EL SEMINARIO CASA 77 COLONIA PABLO VI ZONA 7,RURAL,PRIVADO,ABIERTA,MATUTINA,DIARIO(REGULAR),MONOLINGUE,BASICO,41484090
884009ca92e7,01-08-0603-46,CENTRO EDUCATIVO JUAN PABLO II,GUATEMALA,MIXCO,FINCA EL SEMINARIO CASA 77 COLONIA PABLO VI ZONA 7,URBANA,PRIVADO,ABIERTA,MATUTINA,DIARIO(REGULAR),MONOLINGUE,DIVERSIFICADO,41484090
894c96e2d999,01-02-0033-45,COLEGIO BILINGUE INTEGRIDAD (INTEGRITY),GUATEMALA,SANTA CATARINA PINULA,"ALDEA DON JUSTO KILOMETRO 16.5 CARRETERA A SAN JOSE PINULA, CASERIO LA LAGUNETA,",RURAL,PRIVADO,ABIERTA,MATUTINA,DIARIO(REGULAR),MONOLINGUE,BASICO,66371400
894c96e2d999,01-02-0034-46,COLEGIO BILINGUE INTEGRIDAD (INTEGRITY),GUATEMALA,SANTA CATARINA PINULA,"ALDEA DON JUSTO KILOMETRO 16.5 CARRETERA A SAN JOSE PINULA, CASERIO LA LAGUNETA,",URBANA,PRIVADO,ABIERTA,MATUTINA,DIARIO(REGULAR),MONOLINGUE,DIVERSIFICADO,66371400
897969321467,22-05-0035-45,INSTITUTO TECNICO INDUSTRIAL HENRY FORD,JUTIAPA,ASUNCION MITA,BARRIO LA PAZ,URBANA,PRIVADO,ABIERTA,DOBLE,FIN DE SEMANA,MONOLINGUE,BASICO,78460721.0
897969321467,22-05-0076-45,INSTITUTO TÉCNICO INDUSTRIAL HENRY FORD,JUTIAPA,ASUNCION MITA,BARRIO LA PAZ,RURAL,PRIVADO,ABIERTA,SIN JORNADA,SEMIPRESENCIAL (UN DÍA A LA SEMANA),MONOLINGUE,BASICO,78460721.0
897969321467,22-05-0077-46,INSTITUTO TÉCNICO INDUSTRIAL HENRY FORD,JUTIAPA,ASUNCION MITA,BARRIO LA PAZ,URBANA,PRIVADO,ABIERTA,SIN JORNADA,SEMIPRESENCIAL (UN DÍA A LA SEMANA),MONOLINGUE,DIVERSIFICADO,50187691.0
8d8f2154bbb8,01-15-0539-46,"LICEO CRISTIANO ""SENDAS NUEVAS""",GUATEMALA,VILLA NUEVA,"13A. AVENIDA ""A"" 14-46 ZONA 2, COLONIA SAN RAFAEL RAMÍREZ",RURAL,PRIVADO,ABIERTA,DOBLE,FIN DE SEMANA,MONOLINGUE,DIVERSIFICADO,66293757
8d8f2154bbb8,01-15-0741-45,"LICEO CRISTIANO ""SENDAS NUEVAS""",GUATEMALA,VILLA NUEVA,"13A. AVENIDA A 14-46 ZONA 2, COLONIA SAN RAFAEL RAMIREZ",URBANA,PRIVADO,ABIERTA,SIN JORNADA,SEMIPRESENCIAL (FIN DE SEMANA),MONOLINGUE,BASICO,41495662
8d8f2154bbb8,01-15-0742-46,"LICEO CRISTIANO ""SENDAS NUEVAS""",GUATEMALA,VILLA NUEVA,"13A. AVENIDA A 14-46 ZONA 2, COLONIA SAN RAFAEL RAMIREZ",URBANA,PRIVADO,ABIERTA,SIN JORNADA,SEMIPRESENCIAL (FIN DE SEMANA),MONOLINGUE,DIVERSIFICADO,41495662
8d8f2154bbb8,01-15-0542-46,LICEO CRISTIANO SENDAS NUEVAS,GUATEMALA,VILLA NUEVA,"13A. AVENIDA ""A"" 14-46, ZONA 2, COLONIA SAN RAFAEL RAMÍREZ",RURAL,PRIVADO,ABIERTA,DOBLE,DIARIO(REGULAR),MONOLINGUE,DIVERSIFICADO,66293757
8d8f2154bbb8,01-15-0541-45,LICEO CRISTIANO SENDAS NUEVAS,GUATEMALA,VILLA NUEVA,"13A. AVENIDA ""A"" 14-46, ZONA 2, COLONIA SAN RAFAEL RAMÍREZ",RURAL,PRIVADO,ABIERTA,MATUTINA,DIARIO(REGULAR),MONOLINGUE,BASICO,66293757
9748378f257f,05-09-2794-46,INSTITUTO TECNICO MARITIMO BANAPORT C.A.,ESCUINTLA,SAN JOSE,1 CALLE LOTE 650 BARRIO LA ARENERA,RURAL,PRIVADO,ABIERTA,DOBLE,FIN DE SEMANA,MONOLINGUE,DIVERSIFICADO,42507114
9748378f257f,05-09-0062-45,INSTITUTO TÉCNICO MARÍTIMO BANAPORT C.A.,ESCUINTLA,SAN JOSE,1 CALLE LOTE 650 BARRIO LA ARENERA,URBANA,PRIVADO,ABIERTA,DOBLE,FIN DE SEMANA,MONOLINGUE,BASICO,42507114.0
99604ad98ceb,22-03-0028-46,INSTITUTO PARTICULAR CATARINECO,JUTIAPA,SANTA CATARINA MITA,BARRIO LA ERMITA,RURAL,PRIVADO,ABIERTA,VESPERTINA,DIARIO(REGULAR),MONOLINGUE,DIVERSIFICADO,53673753.0
99604ad98ceb,22-03-0027-45,INSTITUTO PARTICULAR CATARINECO,JUTIAPA,SANTA CATARINA MITA,BARRIO LA ERMITA,URBANA,PRIVADO,ABIERTA,VESPERTINA,DIARIO(REGULAR),MONOLINGUE,BASICO,53673753.0
9ca12e97822c,01-05-0144-46,"COLEGIO VISIONARIO ""J.P. II""",GUATEMALA,PALENCIA,"3A. AVENIDA 0-71, CANTÓN AGUA TIBIA",RURAL,PRIVADO,ABIERTA,MATUTINA,DIARIO(REGULAR),MONOLINGUE,DIVERSIFICADO,53806629
9ca12e97822c,01-05-0013-45,COLEGIO VISIONARIO J.P. II,GUATEMALA,PALENCIA,"3A. AVENIDA 0-71, CANTON AGUA TIBIA",URBANA,PRIVADO,ABIERTA,MATUTINA,DIARIO(REGULAR),MONOLINGUE,BASICO,53806629
9e1d5fef3518,17-05-0216-46,COLEGIO SANTA CRUZ,PETEN,LA LIBERTAD,"BARRIO SANTA CRUZ,LA LIBERTAD PETEN",RURAL,PRIVADO,ABIERTA,VESPERTINA,DIARIO(REGULAR),MONOLINGUE,DIVERSIFICADO,79243704
9e1d5fef3518,17-05-0330-46,COLEGIO SANTA CRUZ,PETEN,LA LIBERTAD,"BARRIO SANTA CRUZ, LA LIBERTAD, PETEN",URBANA,PRIVADO,ABIERTA,SIN JORNADA,SEMIPRESENCIAL (UN DÍA A LA SEMANA),MONOLINGUE,DIVERSIFICADO,53407688
9ed2f37890ea,03-06-1370-45,COLEGIO CENTRO DE APRENDIZAJE INTELECTO INTELLEGO,SACATEPEQUEZ,SANTIAGO SACATEPEQUEZ,LOTE NO. 333 JARDINES DE SANTIAGO,RURAL,PRIVADO,ABIERTA,MATUTINA,DIARIO(REGULAR),MONOLINGUE,BASICO,79641800.0
9ed2f37890ea,03-06-0010-46,COLEGIO CENTRO DE APRENDIZAJE INTELECTO INTELLEGO,SACATEPEQUEZ,SANTIAGO SACATEPEQUEZ,LOTE NO. 333 JARDINES DE SANTIAGO,URBANA,PRIVADO,ABIERTA,MATUTINA,DIARIO(REGULAR),MONOLINGUE,DIVERSIFICADO,79641800
a2b242ebfa42,01-15-6509-45,LICEO CRISTIANO PEDAGOGICO,GUATEMALA,VILLA NUEVA,5TA CALLE 3-22 ZONA 5 COLONIA ENRIQUETA,RURAL,PRIVADO,ABIERTA,VESPERTINA,DIARIO(REGULAR),MONOLINGUE,BASICO,66367482
a2b242ebfa42,01-15-0323-46,LICEO CRISTIANO PEDAGOGICO,GUATEMALA,VILLA NUEVA,5TA CALLE 3-22 ZONA 5 COLONIA ENRIQUETA,URBANA,PRIVADO,ABIERTA,VESPERTINA,DIARIO(REGULAR),MONOLINGUE,DIVERSIFICADO,57534914
a640f838aa1a,16-09-0007-46,CENTRO EDUCATIVO NUEVA VIDA,ALTA VERAPAZ,SAN PEDRO CARCHA,8A. CALLE 4-47 ZONA 4,RURAL,PRIVADO,ABIERTA,VESPERTINA,DIARIO(REGULAR),MONOLINGUE,DIVERSIFICADO,nan
a640f838aa1a,16-09-0869-45,CENTRO EDUCATIVO NUEVA VIDA,ALTA VERAPAZ,SAN PEDRO CARCHA,"8A. CALLE 4-47, ZONA 4",URBANA,PRIVADO,ABIERTA,VESPERTINA,DIARIO(REGULAR),MONOLINGUE,BASICO,36369056
a640f838aa1a,16-09-0870-46,CENTRO EDUCATIVO NUEVA VIDA,ALTA VERAPAZ,SAN PEDRO CARCHA,"8A. CALLE 4-47, ZONA 4",URBANA,PRIVADO,ABIERTA,VESPERTINA,DIARIO(REGULAR),MONOLINGUE,DIVERSIFICADO,36369056
a8d19516cd1a,13-06-0081-46,"COLEGIO TÉCNICO INTEGRAL ""CURIE""",HUEHUETENANGO,SAN PEDRO NECTA,CABECERA MUNICIPAL,RURAL,PRIVADO,ABIERTA,SIN JORNADA,SEMIPRESENCIAL (UN DÍA A LA SEMANA),MONOLINGUE,DIVERSIFICADO,30493515.0
a8d19516cd1a,13-06-0082-45,"COLEGIO TÉCNICO INTEGRAL ""CURIE""",HUEHUETENANGO,SAN PEDRO NECTA,CABECERA MUNICIPAL,URBANA,PRIVADO,ABIERTA,DOBLE,FIN DE SEMANA,MONOLINGUE,BASICO,30493515.0
a8d19516cd1a,13-06-0083-46,"COLEGIO TÉCNICO INTEGRAL ""CURIE""",HUEHUETENANGO,SAN PEDRO NECTA,CABECERA MUNICIPAL,URBANA,PRIVADO,ABIERTA,DOBLE,FIN DE SEMANA,MONOLINGUE,DIVERSIFICADO,30493515.0
a8d19516cd1a,13-06-0084-45,"COLEGIO TÉCNICO INTEGRAL ""CURIE""",HUEHUETENANGO,SAN PEDRO NECTA,CABECERA MUNICIPAL,URBANA,PRIVADO,ABIERTA,SIN JORNADA,SEMIPRESENCIAL (UN DÍA A LA SEMANA),MONOLINGUE,BASICO,30493515.0
ada2e33c2b31,16-01-0471-46,"COLEGIO DE INFORMATICA ""CENINFAV""",ALTA VERAPAZ,COBAN,12 AV. 2-12 ZONA 1,URBANA,PRIVADO,ABIERTA,VESPERTINA,DIARIO(REGULAR),MONOLINGUE,DIVERSIFICADO,79545566
ada2e33c2b31,16-01-8334-45,COLEGIO DE INFORMATICA CENINFAV,ALTA VERAPAZ,COBAN,12 AV. 2-12 ZONA 1,RURAL,PRIVADO,ABIERTA,MATUTINA,DIARIO(REGULAR),MONOLINGUE,BASICO,79521765
ada2e33c2b31,16-01-8335-46,COLEGIO DE INFORMATICA CENINFAV,ALTA VERAPAZ,COBAN,12 AV. 2-12 ZONA 1,RURAL,PRIVADO,ABIERTA,MATUTINA,DIARIO(REGULAR),MONOLINGUE,DIVERSIFICADO,79545566
af727c86b060,05-09-0076-46,COLEGIO MIXTO PARTICULAR LICEO GUATEMALA DEL SUR,ESCUINTLA,SAN JOSE,5A AVENIDA 8-80 ZONA 3 BARRIO PEÑATE,RURAL,PRIVADO,ABIERTA,VESPERTINA,DIARIO(REGULAR),MONOLINGUE,DIVERSIFICADO,78813817
af727c86b060,05-09-0048-45,COLEGIO MIXTO PARTICULAR LICEO GUATEMALA DEL SUR,ESCUINTLA,SAN JOSE,"5A. AVENIDA 8-80 ZONA 3, BARRIO PEÑATE",URBANA,PRIVADO,ABIERTA,VESPERTINA,DIARIO(REGULAR),MONOLINGUE,BASICO,78813817.0
b0b2fdded83c,01-06-0178-46,INSTITUTO NACIONAL MARÍA BELÉN MEDRANO GARCÍA,GUATEMALA,CHINAUTLA,15 AVENIDA SECTOR 3 COLONIA NUEVA CHINAUTLA,RURAL,OFICIAL,ABIERTA,SIN JORNADA,SEMIPRESENCIAL (FIN DE SEMANA),MONOLINGUE,DIVERSIFICADO,40415206
b0b2fdded83c,01-06-0177-45,INSTITUTO NACIONAL MARÍA BELÉN MEDRANO GARCÍA,GUATEMALA,CHINAUTLA,15 AVENIDA SECTOR 3 COLONIA NUEVA CHINAUTLA,URBANA,OFICIAL,ABIERTA,SIN JORNADA,SEMIPRESENCIAL (FIN DE SEMANA),MONOLINGUE,BASICO,51227812
b379912f11e7,09-03-0015-45,COLEGIO INTEGRAL BILINGÜE IB,QUETZALTENANGO,OLINTEPEQUE,"BARRIO LA PAZ, ALDEA JUSTO RUFINO BARRIOS",RURAL,PRIVADO,ABIERTA,MATUTINA,DIARIO(REGULAR),MONOLINGUE,BASICO,77636426.0
b379912f11e7,09-03-0018-46,COLEGIO INTEGRAL BILINGÜE IB,QUETZALTENANGO,OLINTEPEQUE,BARRIO LA PAZ ALDEA JUSTO RUFINO BARRIOS,URBANA,PRIVADO,ABIERTA,MATUTINA,DIARIO(REGULAR),MONOLINGUE,DIVERSIFICADO,77636426.0
b379912f11e7,09-03-0019-46,COLEGIO INTEGRAL BILINGÜE IB,QUETZALTENANGO,OLINTEPEQUE,BARRIO LA PAZ ALDEA JUSTO RUFINO BARRIOS,URBANA,PRIVADO,ABIERTA,VESPERTINA,DIARIO(REGULAR),MONOLINGUE,DIVERSIFICADO,77636426.0
b64d004ebc62,04-08-0006-46,"INSTITUTO MUNICIPAL DE DIVERSIFICADO ""POCHUTA CENTENARIO""",CHIMALTENANGO,SAN MIGUEL POCHUTA,SAN MIGUEL POCHUTA,URBANA,MUNICIPAL,ABIERTA,INTERMEDIA,DIARIO(REGULAR),MONOLINGUE,DIVERSIFICADO,30244440
b64d004ebc62,04-08-0005-46,INSTITUTO MUNICIPAL DE DIVERSIFICADO POCHUTA CENTENARIO,CHIMALTENANGO,SAN MIGUEL POCHUTA,SAN MIGUEL POCHUTA,RURAL,MUNICIPAL,ABIERTA,VESPERTINA,DIARIO(REGULAR),MONOLINGUE,DIVERSIFICADO,30244440
bdb1feeb6913,03-04-0088-45,CENTRO DE EDUCACION EXTRA ESCOLAR -CEEX,SACATEPEQUEZ,SUMPANGO,1RA. CALLE 0-22 ZONA 3,RURAL,OFICIAL,ABIERTA,DOBLE,FIN DE SEMANA,MONOLINGUE,BASICO,79576060.0
bdb1feeb6913,03-04-0089-46,CENTRO DE EDUCACION EXTRA ESCOLAR -CEEX,SACATEPEQUEZ,SUMPANGO,1RA. CALLE 0-22 ZONA 3,URBANA,OFICIAL,ABIERTA,DOBLE,FIN DE SEMANA,MONOLINGUE,DIVERSIFICADO,79576060
bf4f605a42a5,04-01-0055-45,INSTITUTO EVANGÉLICO AMÉRICA LATINA,CHIMALTENANGO,CHIMALTENANGO,6A. AVENIDA 3-48 ZONA 5,RURAL,PRIVADO,ABIERTA,MATUTINA,DIARIO(REGULAR),MONOLINGUE,BASICO,77282600
bf4f605a42a5,04-01-0229-46,INSTITUTO EVANGÉLICO AMÉRICA LATINA,CHIMALTENANGO,CHIMALTENANGO,6A. AVENIDA 3-48 ZONA 5,URBANA,PRIVADO,ABIERTA,DOBLE,DIARIO(REGULAR),MONOLINGUE,DIVERSIFICADO,77282600
bf4f605a42a5,04-01-3171-45,INSTITUTO EVANGÉLICO AMÉRICA LATINA,CHIMALTENANGO,CHIMALTENANGO,6A. AVENIDA 3-48 ZONA 5,URBANA,PRIVADO,ABIERTA,DOBLE,FIN DE SEMANA,MONOLINGUE,BASICO,77282600
bf4f605a42a5,04-01-3172-45,INSTITUTO EVANGÉLICO AMÉRICA LATINA,CHIMALTENANGO,CHIMALTENANGO,6A. AVENIDA 3-48 ZONA 5,URBANA,PRIVADO,ABIERTA,DOBLE,FIN DE SEMANA,MONOLINGUE,BASICO,78391447
bf4f605a42a5,04-01-0129-46,INSTITUTO EVANGÉLICO AMÉRICA LATINA,CHIMALTENANGO,CHIMALTENANGO,6A. AVENIDA 3-48 ZONA 5,URBANA,PRIVADO,ABIERTA,DOBLE,FIN DE SEMANA,MONOLINGUE,DIVERSIFICADO,77282600
bf4f605a42a5,04-01-3173-46,INSTITUTO EVANGÉLICO AMÉRICA LATINA,CHIMALTENANGO,CHIMALTENANGO,6A. AVENIDA 3-48 ZONA 5,URBANA,PRIVADO,ABIERTA,DOBLE,FIN DE SEMANA,MONOLINGUE,DIVERSIFICADO,77282600
bf4f605a42a5,04-01-0055-46,INSTITUTO EVANGÉLICO AMÉRICA LATINA,CHIMALTENANGO,CHIMALTENANGO,6A. AVENIDA 3-48 ZONA 5,URBANA,PRIVADO,ABIERTA,MATUTINA,DIARIO(REGULAR),MONOLINGUE,DIVERSIFICADO,77282600
bf4f605a42a5,04-01-0332-45,INSTITUTO EVANGÉLICO AMÉRICA LATINA,CHIMALTENANGO,CHIMALTENANGO,"6A. AVENIDA 3-48, ZONA 5",URBANA,PRIVADO,ABIERTA,SIN JORNADA,A DISTANCIA,MONOLINGUE,BASICO,77282600
bf4f605a42a5,04-01-0333-46,INSTITUTO EVANGÉLICO AMÉRICA LATINA,CHIMALTENANGO,CHIMALTENANGO,"6A. AVENIDA 3-48, ZONA 5",URBANA,PRIVADO,ABIERTA,SIN JORNADA,A DISTANCIA,MONOLINGUE,DIVERSIFICADO,77282600
bf4f605a42a5,04-01-2322-46,INSTITUTO EVANGÉLICO AMÉRICA LATINA,CHIMALTENANGO,CHIMALTENANGO,6A. AVENIDA 3-48 ZONA 5,URBANA,PRIVADO,ABIERTA,VESPERTINA,DIARIO(REGULAR),MONOLINGUE,DIVERSIFICADO,77282600
c37098291dd3,10-14-0078-46,COLEGIO MUNDO DE JUGUETES,SUCHITEPEQUEZ,PATULUL,"CANTON LA PAZ, RANCHO LOS OLIVOS, CARETERA A COCALES",RURAL,PRIVADO,ABIERTA,SIN JORNADA,SEMIPRESENCIAL (UN DÍA A LA SEMANA),MONOLINGUE,DIVERSIFICADO,78719903.0
c37098291dd3,10-14-0077-45,COLEGIO MUNDO DE JUGUETES,SUCHITEPEQUEZ,PATULUL,"CANTON LA PAZ, RANCHO LOS OLIVOS, CARETERA A COCALES",URBANA,PRIVADO,ABIERTA,SIN JORNADA,SEMIPRESENCIAL (UN DÍA A LA SEMANA),MONOLINGUE,BASICO,78719903
c4119982b8e7,21-06-0048-46,"COLEGIO EVANGÉLICO PARTICULAR MIXTO ""LA PALABRA""",JALAPA,MONJAS,"EL ESPINALAR, CASERÍO LA CEIBITA",RURAL,PRIVADO,ABIERTA,VESPERTINA,DIARIO(REGULAR),MONOLINGUE,DIVERSIFICADO,40501176
c4119982b8e7,21-06-1390-45,"COLEGIO EVANGÉLICO PARTICULAR MIXTO ""LA PALABRA""",JALAPA,MONJAS,"EL ESPINALAR, CASERÍO LA CEIBITA",URBANA,PRIVADO,ABIERTA,VESPERTINA,DIARIO(REGULAR),MONOLINGUE,BASICO,40501176
c4b19b81c075,22-14-0079-45,"INSTITUTO MIXTO DE EDUCACIÓN DE ORIENTE ""IMIDEO NÉRICI""",JUTIAPA,MOYUTA,ALDEA LOS ACHIOTES,RURAL,PRIVADO,ABIERTA,DOBLE,FIN DE SEMANA,MONOLINGUE,BASICO,56943704.0
c4b19b81c075,22-14-0080-46,"INSTITUTO MIXTO DE EDUCACIÓN DE ORIENTE ""IMIDEO NÉRICI""",JUTIAPA,MOYUTA,ALDEA LOS ACHIOTES,RURAL,PRIVADO,ABIERTA,DOBLE,FIN DE SEMANA,MONOLINGUE,DIVERSIFICADO,56943704.0
c4b19b81c075,22-14-0082-46,"INSTITUTO MIXTO DE EDUCACIÓN DE ORIENTE ""IMIDEO NÉRICI""",JUTIAPA,MOYUTA,ALDEA LOS ACHIOTES,RURAL,PRIVADO,ABIERTA,DOBLE,FIN DE SEMANA,MONOLINGUE,DIVERSIFICADO,56943704.0
c4b19b81c075,22-14-0093-46,"INSTITUTO MIXTO DE EDUCACIÓN DE ORIENTE ""IMIDEO NÉRICI""",JUTIAPA,MOYUTA,ALDEA LOS ACHIOTES,RURAL,PRIVADO,ABIERTA,SIN JORNADA,SEMIPRESENCIAL (UN DÍA A LA SEMANA),MONOLINGUE,DIVERSIFICADO,56943704.0
c4b19b81c075,22-14-0078-46,"INSTITUTO MIXTO DE EDUCACIÓN DE ORIENTE ""IMIDEO NÉRICI""",JUTIAPA,MOYUTA,ALDEA LOS ACHIOTES,URBANA,PRIVADO,ABIERTA,VESPERTINA,DIARIO(REGULAR),MONOLINGUE,DIVERSIFICADO,56943704.0
c507bd33741e,02-07-0009-46,INSTITUTO NACIONAL DE EDUCACION DIVERSIFICADA,EL PROGRESO,SANARATE,"ZONA 4, COLINDANTE A POLIDEPORTIVO, SECTOR CAMPO DE CAMINOS",RURAL,OFICIAL,ABIERTA,MATUTINA,DIARIO(REGULAR),MONOLINGUE,DIVERSIFICADO,48176330.0
c507bd33741e,02-07-0008-46,INSTITUTO NACIONAL DE EDUCACION DIVERSIFICADA,EL PROGRESO,SANARATE,"ZONA 4, COLINDANTE A POLIDEPORTIVO, SECTOR CAMPO DE CAMINOS",URBANA,OFICIAL,ABIERTA,VESPERTINA,DIARIO(REGULAR),MONOLINGUE,DIVERSIFICADO,nan
c9b7923b97db,05-08-0064-46,COLEGIO MIXTO LA OPORTUNIDAD,ESCUINTLA,GUANAGAZAPA,2A AVENIDA 6-21 ZONA 1 INSTALCIONES DEL INSTITUTO DE EDUCACIÓN DIVERSIFICADA,RURAL,PRIVADO,ABIERTA,DOBLE,FIN DE SEMANA,MONOLINGUE,DIVERSIFICADO,41261831
c9b7923b97db,05-08-0068-46,COLEGIO MIXTO LA OPORTUNIDAD.,ESCUINTLA,GUANAGAZAPA,2A. AVENIDA 6-21 ZONA 1. INSTALCIONES DEL INSTITUTO DE EDUCACIÓN DIVERSIFICADA,URBANA,PRIVADO,ABIERTA,SIN JORNADA,SEMIPRESENCIAL (UN DÍA A LA SEMANA),MONOLINGUE,DIVERSIFICADO,41261831
cb0b44901ca9,16-01-8316-45,"COLEGIO PARTICULAR MIXTO ""ANTON DE MONTESINOS""",ALTA VERAPAZ,COBAN,1A. CALLE 7-22 ZONA 3,RURAL,PRIVADO,ABIERTA,MATUTINA,DIARIO(REGULAR),MONOLINGUE,BASICO,77259205
cb0b44901ca9,16-01-0613-46,"COLEGIO PARTICULAR MIXTO ""ANTON DE MONTESINOS""",ALTA VERAPAZ,COBAN,1A. CALLE 7-22 ZONA 3,URBANA,PRIVADO,ABIERTA,MATUTINA,DIARIO(REGULAR),MONOLINGUE,DIVERSIFICADO,77259205
cb0f40657242,18-01-0320-46,"COLEGIO PARTICULAR MIXTO ""MATÍAS DE GÁLVEZ""",IZABAL,PUERTO BARRIOS,"COLONIA PIEDRAS NEGRAS, ALDEA SANTO TOMÁS DE CASTILLA",RURAL,PRIVADO,ABIERTA,DOBLE,FIN DE SEMANA,MONOLINGUE,DIVERSIFICADO,56142325
cb0f40657242,18-01-0465-46,"COLEGIO PARTICULAR MIXTO ""MATÍAS DE GÁLVEZ""",IZABAL,PUERTO BARRIOS,"COLONIA PIEDRAS NEGRAS, ALDEA SANTO TOMAS DE CASTILLA",RURAL,PRIVADO,ABIERTA,VESPERTINA,DIARIO(REGULAR),MONOLINGUE,DIVERSIFICADO,56142325
cb0f40657242,18-01-3208-45,COLEGIO PARTICULAR MIXTO 'MATIAS DE GALVEZ',IZABAL,PUERTO BARRIOS,COLONIA PIEDRAS NEGRAS ALDEA SANTO TOMAS DE CASTILLA,RURAL,PRIVADO,ABIERTA,DOBLE,FIN DE SEMANA,MONOLINGUE,BASICO,56142325
cb0f40657242,18-01-0423-45,COLEGIO PARTICULAR MIXTO 'MATIAS DE GALVEZ',IZABAL,PUERTO BARRIOS,"COLONIA PIEDRAS NEGRAS, ALDEA SANTO TOMÁS DE CASTILLA",RURAL,PRIVADO,ABIERTA,SIN JORNADA,SEMIPRESENCIAL (UN DÍA A LA SEMANA),MONOLINGUE,BASICO,56142325
cb0f40657242,18-01-0424-46,COLEGIO PARTICULAR MIXTO 'MATIAS DE GALVEZ',IZABAL,PUERTO BARRIOS,"COLONIA PIEDRAS NEGRAS, ALDEA SANTO TOMÁS DE CASTILLA",RURAL,PRIVADO,ABIERTA,SIN JORNADA,SEMIPRESENCIAL (UN DÍA A LA SEMANA),MONOLINGUE,DIVERSIFICADO,56142325
cb0f40657242,18-01-3244-45,COLEGIO PARTICULAR MIXTO 'MATIAS DE GALVEZ',IZABAL,PUERTO BARRIOS,COLONIA PIEDRAS NEGRAS ALDEA SANTO TOMAS DE CASTILLA,URBANA,PRIVADO,ABIERTA,VESPERTINA,DIARIO(REGULAR),MONOLINGUE,BASICO,56142325
cd2811061db8,03-01-0144-45,COLEGIO MIXTO SAN FELIPE,SACATEPEQUEZ,ANTIGUA GUATEMALA,CALLE AL PORTAL NO. 01 BARRIO SAN ANTONIO,RURAL,PRIVADO,ABIERTA,DOBLE,FIN DE SEMANA,MONOLINGUE,BASICO,43665653.0
cd2811061db8,03-01-0179-46,COLEGIO MIXTO SAN FELIPE,SACATEPEQUEZ,ANTIGUA GUATEMALA,CALLE AL PORTAL NO. 01 BARRIO SAN ANTONIO,URBANA,PRIVADO,ABIERTA,DOBLE,FIN DE SEMANA,MONOLINGUE,DIVERSIFICADO,43665653
cd2811061db8,03-01-0263-45,COLEGIO MIXTO SAN FELIPE,SACATEPEQUEZ,ANTIGUA GUATEMALA,CALLE AL PORTAL NO. 01 BARRIO SAN ANTONIO,URBANA,PRIVADO,ABIERTA,SIN JORNADA,SEMIPRESENCIAL (FIN DE SEMANA),MONOLINGUE,BASICO,59047593.0
cd2811061db8,03-01-0267-46,COLEGIO MIXTO SAN FELIPE,SACATEPEQUEZ,ANTIGUA GUATEMALA,CALLE AL PORTAL NO. 01 BARRIO SAN ANTONIO,URBANA,PRIVADO,ABIERTA,SIN JORNADA,SEMIPRESENCIAL (FIN DE SEMANA),MONOLINGUE,DIVERSIFICADO,59047593
cee96923d7fb,04-01-2886-45,CENTRO EDUCATIVO MONTE CRISTO,CHIMALTENANGO,CHIMALTENANGO,CASERIO MONTE CRISTO ALDEA SAN MARCOS PACOC,RURAL,PRIVADO,ABIERTA,MATUTINA,DIARIO(REGULAR),MONOLINGUE,BASICO,39057949
cee96923d7fb,04-01-0268-46,CENTRO EDUCATIVO MONTE CRISTO,CHIMALTENANGO,CHIMALTENANGO,"CASERÍO MONTE CRISTO, ALDEA SAN MARCOS PACOC",URBANA,PRIVADO,ABIERTA,MATUTINA,DIARIO(REGULAR),MONOLINGUE,DIVERSIFICADO,39057949
cf9269a3e88e,22-13-0002-46,"INSTITUTO MIXTO DE EDUCACION ""CONGUAQUENSE""",JUTIAPA,CONGUACO,CASERIO BRIOTIS,URBANA,PRIVADO,ABIERTA,VESPERTINA,DIARIO(REGULAR),MONOLINGUE,DIVERSIFICADO,42848727.0
cf9269a3e88e,22-13-2273-46,INSTITUTO MIXTO DE EDUCACION CONGUAQUENSE,JUTIAPA,CONGUACO,CASERIO BRIOTIS,URBANA,PRIVADO,ABIERTA,DOBLE,FIN DE SEMANA,MONOLINGUE,DIVERSIFICADO,47160153.0
cf9269a3e88e,22-13-0044-45,INSTITUTO MIXTO DE EDUCACIÓN CONGUAQUENSE,JUTIAPA,CONGUACO,CASERIO BRIOTIS,RURAL,PRIVADO,ABIERTA,SIN JORNADA,SEMIPRESENCIAL (UN DÍA A LA SEMANA),MONOLINGUE,BASICO,58252521.0
cf9269a3e88e,22-13-0045-46,INSTITUTO MIXTO DE EDUCACIÓN CONGUAQUENSE,JUTIAPA,CONGUACO,CASERIO BRIOTIS,URBANA,PRIVADO,ABIERTA,SIN JORNADA,SEMIPRESENCIAL (UN DÍA A LA SEMANA),MONOLINGUE,DIVERSIFICADO,58252521.0
d2587fb91e0f,17-05-0247-45,"LICEO INTEGRAL CIENCIA Y VERDAD ""CIEV""",PETEN,LA LIBERTAD,BARRIO EL ESTADIO,RURAL,PRIVADO,ABIERTA,VESPERTINA,DIARIO(REGULAR),MONOLINGUE,BASICO,79231523
d2587fb91e0f,17-05-0238-46,"LICEO INTEGRAL CIENCIA Y VERDAD ""CIEV""",PETEN,LA LIBERTAD,BARRIO EL ESTADIO,URBANA,PRIVADO,ABIERTA,VESPERTINA,DIARIO(REGULAR),MONOLINGUE,DIVERSIFICADO,31697436
d29afcab0712,01-15-0423-46,"COLEGIO PRIVADO MIXTO ""NUESTRA SEÑORA DE LAS MERCEDES""",GUATEMALA,VILLA NUEVA,"7A. AVENIDA 5-12, ZONA 5, COLONIA LOS PLANES",URBANA,PRIVADO,ABIERTA,VESPERTINA,DIARIO(REGULAR),MONOLINGUE,DIVERSIFICADO,50556199
d29afcab0712,01-15-9731-45,COLEGIO PRIVADO MIXTO NUESTRA SEÑORA DE LAS MERCEDES,GUATEMALA,VILLA NUEVA,"7A. AVENIDA 5-12, ZONA 5, COLONIA LOS PLANES",RURAL,PRIVADO,ABIERTA,MATUTINA,DIARIO(REGULAR),MONOLINGUE,BASICO,50556199
d29afcab0712,01-15-0424-45,COLEGIO PRIVADO MIXTO NUESTRA SEÑORA DE LAS MERCEDES,GUATEMALA,VILLA NUEVA,"7A. AVENIDA 5-12, ZONA 5, COLONIA LOS PLANES",URBANA,PRIVADO,ABIERTA,VESPERTINA,DIARIO(REGULAR),MONOLINGUE,BASICO,50556199
d2de3a98483b,10-03-0039-45,"INSTITUTO PRIVADO MIXTO ""EL ALFARERO""",SUCHITEPEQUEZ,SAN FRANCISCO ZAPOTITLAN,"CALLE PRINCIPAL, SEGUNDO CALLEJON LOTIFICACION EL PANORAMA, CANTON SAN JOSÉ",RURAL,PRIVADO,ABIERTA,DOBLE,FIN DE SEMANA,MONOLINGUE,BASICO,33670465
d2de3a98483b,10-03-0040-46,"INSTITUTO PRIVADO MIXTO ""EL ALFARERO""",SUCHITEPEQUEZ,SAN FRANCISCO ZAPOTITLAN,"CALLE PRINCIPAL, SEGUNDO CALLEJON LOTIFICACION EL PANORAMA, CANTON SAN JOSÉ",RURAL,PRIVADO,ABIERTA,DOBLE,FIN DE SEMANA,MONOLINGUE,DIVERSIFICADO,33670465.0
d2de3a98483b,10-03-0036-45,"INSTITUTO PRIVADO MIXTO ""EL ALFARERO""",SUCHITEPEQUEZ,SAN FRANCISCO ZAPOTITLAN,"CALLE PRINCIPAL SEGUNDO CALLEJÓN LOTIFICACION EL PANORAMA, CANTÓN SAN JOSE",RURAL,PRIVADO,ABIERTA,VESPERTINA,DIARIO(REGULAR),MONOLINGUE,BASICO,55144660
d2de3a98483b,10-03-0037-46,"INSTITUTO PRIVADO MIXTO ""EL ALFARERO""",SUCHITEPEQUEZ,SAN FRANCISCO ZAPOTITLAN,"CALLE PRINCIPAL SEGUNDO CALLEJÓN LOTIFICACION EL PANORAMA, CANTÓN SAN JOSE",RURAL,PRIVADO,ABIERTA,VESPERTINA,DIARIO(REGULAR),MONOLINGUE,DIVERSIFICADO,33670465.0
d2de3a98483b,10-03-0041-45,"INSTITUTO PRIVADO MIXTO ""EL ALFARERO""",SUCHITEPEQUEZ,SAN FRANCISCO ZAPOTITLAN,"CALLE PRINCIPAL, SEGUNDO CALLEJÓN, LOTIFICACIÓN EL PANORAMA, CANTON SAN JOSÉ",URBANA,PRIVADO,ABIERTA,SIN JORNADA,SEMIPRESENCIAL (UN DÍA A LA SEMANA),MONOLINGUE,BASICO,33670465
d2de3a98483b,10-03-0042-46,"INSTITUTO PRIVADO MIXTO ""EL ALFARERO""",SUCHITEPEQUEZ,SAN FRANCISCO ZAPOTITLAN,"CALLE PRINCIPAL, SEGUNDO CALLEJÓN, LOTIFICACIÓN EL PANORAMA, CANTON SAN JOSÉ",URBANA,PRIVADO,ABIERTA,SIN JORNADA,SEMIPRESENCIAL (UN DÍA A LA SEMANA),MONOLINGUE,DIVERSIFICADO,33670465.0
d4317fb112cf,01-17-0120-46,COLEGIO BILINGUE UN NUEVO AMANECER,GUATEMALA,SAN MIGUEL PETAPA,"4TA. CALLE, 1-40, COLONIA LOS ALAMOS, ZONA 6",RURAL,PRIVADO,ABIERTA,MATUTINA,DIARIO(REGULAR),MONOLINGUE,DIVERSIFICADO,24483470
d4317fb112cf,01-17-0121-45,COLEGIO BILINGUE UN NUEVO AMANECER,GUATEMALA,SAN MIGUEL PETAPA,"4TA. CALLE, 1-40, COLONIA LOS ALAMOS, ZONA 6",URBANA,PRIVADO,ABIERTA,MATUTINA,DIARIO(REGULAR),MONOLINGUE,BASICO,24483470
d56d440d9373,22-06-0022-45,"COLEGIO PARTICULAR MIXTO ""BRISAS DEL CHINGO""",JUTIAPA,YUPILTEPEQUE,ALDEA ESTANZUELA,RURAL,PRIVADO,ABIERTA,DOBLE,FIN DE SEMANA,MONOLINGUE,BASICO,30602683.0
d56d440d9373,22-06-0021-46,"COLEGIO PARTICULAR MIXTO ""BRISAS DEL CHINGO""",JUTIAPA,YUPILTEPEQUE,ALDEA ESTANZUELA,RURAL,PRIVADO,ABIERTA,DOBLE,FIN DE SEMANA,MONOLINGUE,DIVERSIFICADO,30602683.0
d56d440d9373,22-06-0032-45,"COLEGIO PARTICULAR MIXTO ""BRISAS DEL CHINGO""",JUTIAPA,YUPILTEPEQUE,ALDEA ESTANZUELA,RURAL,PRIVADO,ABIERTA,SIN JORNADA,SEMIPRESENCIAL (UN DÍA A LA SEMANA),MONOLINGUE,BASICO,30602683.0
d56d440d9373,22-06-0033-46,"COLEGIO PARTICULAR MIXTO ""BRISAS DEL CHINGO""",JUTIAPA,YUPILTEPEQUE,ALDEA ESTANZUELA,RURAL,PRIVADO,ABIERTA,SIN JORNADA,SEMIPRESENCIAL (UN DÍA A LA SEMANA),MONOLINGUE,DIVERSIFICADO,30602683.0
d56d440d9373,22-06-0011-46,"COLEGIO PARTICULAR MIXTO ""BRISAS DEL CHINGO""",JUTIAPA,YUPILTEPEQUE,ALDEA ESTANZUELA,URBANA,PRIVADO,ABIERTA,DOBLE,FIN DE SEMANA,MONOLINGUE,DIVERSIFICADO,30602683.0
d8aa43716073,03-01-0273-45,COLEGIO LA SALLE,SACATEPEQUEZ,ANTIGUA GUATEMALA,4A. AVENIDA NORTE N-26,RURAL,PRIVADO,ABIERTA,NOCTURNA,DIARIO(REGULAR),MONOLINGUE,BASICO,78320556.0
d8aa43716073,03-01-0057-45,COLEGIO LA SALLE,SACATEPEQUEZ,ANTIGUA GUATEMALA,4A. AVENIDA NORTE N-26,URBANA,PRIVADO,ABIERTA,MATUTINA,DIARIO(REGULAR),MONOLINGUE,BASICO,78320556.0
d8aa43716073,03-01-0057-46,COLEGIO LA SALLE,SACATEPEQUEZ,ANTIGUA GUATEMALA,4A. AVENIDA NORTE N-26,URBANA,PRIVADO,ABIERTA,MATUTINA,DIARIO(REGULAR),MONOLINGUE,DIVERSIFICADO,78320556
da127a021812,18-04-0378-45,CENTRO EDUCATIVO BILINGÜE DEL MONTE,IZABAL,MORALES,FINCA BANANERA,RURAL,PRIVADO,ABIERTA,DOBLE,DIARIO(REGULAR),MONOLINGUE,BASICO,31192111
da127a021812,18-04-2433-46,CENTRO EDUCATIVO BILINGÜE DEL MONTE,IZABAL,MORALES,FINCA BANANERA,URBANA,PRIVADO,ABIERTA,DOBLE,DIARIO(REGULAR),MONOLINGUE,DIVERSIFICADO,79201120
db20a3844887,05-13-2369-46,COLEGIO ADVENTISTA ENMANUEL,ESCUINTLA,NUEVA CONCEPCION,LOTE 105 ALDEA CENTRO DOS,RURAL,PRIVADO,ABIERTA,VESPERTINA,DIARIO(REGULAR),MONOLINGUE,DIVERSIFICADO,58939354
db20a3844887,05-13-0935-45,COLEGIO ADVENTISTA ENMANUEL,ESCUINTLA,NUEVA CONCEPCION,LOTE 105 ALDEA CENTRO DOS,URBANA,PRIVADO,ABIERTA,VESPERTINA,DIARIO(REGULAR),MONOLINGUE,BASICO,58939354.0
de82b4b96dc3,14-21-0023-46,"""LICEO INTERCULTURAL PACHALUMENSE""",QUICHE,PACHALUN,"VALLE LINDA VISTA, SALIDA A MORITAS",URBANA,PRIVADO,ABIERTA,MATUTINA,DIARIO(REGULAR),MONOLINGUE,DIVERSIFICADO,40895934.0
de82b4b96dc3,14-21-0024-46,LICEO INTERCULTURAL PACHALUMENSE,QUICHE,PACHALUN,"VALLE LINDA VISTA, SALIDA A MORITAS",RURAL,PRIVADO,ABIERTA,DOBLE,FIN DE SEMANA,MONOLINGUE,DIVERSIFICADO,57461136.0
de82b4b96dc3,14-21-0036-46,LICEO INTERCULTURAL PACHALUMENSE,QUICHE,PACHALUN,"VALLE LINDA VISTA, SALIDA A MORITAS",URBANA,PRIVADO,ABIERTA,SIN JORNADA,SEMIPRESENCIAL (FIN DE SEMANA),MONOLINGUE,DIVERSIFICADO,57461136.0
de82b4b96dc3,14-21-5886-45,LICEO INTERCULTURAL PACHALUMENSE,QUICHE,PACHALUN,VALLE LINDA VISTA SALIDA A MORITAS,URBANA,PRIVADO,ABIERTA,VESPERTINA,DIARIO(REGULAR),MONOLINGUE,BASICO,57461136.0
e87bff5cf463,05-01-2351-45,COLEGIO INTERNACIONAL FUTURE LEARNING CENTER (FLC),ESCUINTLA,ESCUINTLA,KM. 60 LA FELICIDAD SALIDA A PUERTO SAN JOSÉ,RURAL,PRIVADO,ABIERTA,MATUTINA,DIARIO(REGULAR),MONOLINGUE,BASICO,47691929.0
e87bff5cf463,05-01-0441-45,COLEGIO INTERNACIONAL FUTURE LEARNING CENTER -FLC-,ESCUINTLA,ESCUINTLA,KM. 60 LA FELICIDAD SALIDA A PUERTO SAN JOSÉ.,RURAL,PRIVADO,ABIERTA,SIN JORNADA,SEMIPRESENCIAL (UN DÍA A LA SEMANA),MONOLINGUE,BASICO,47691929.0
e87bff5cf463,05-01-0473-46,COLEGIO INTERNACIONAL FUTURE LEARNING CENTER FLC,ESCUINTLA,ESCUINTLA,KM. 60 LA FELICIDAD SALIDA A PUERTO SAN JOSÉ,RURAL,PRIVADO,ABIERTA,DOBLE,DIARIO(REGULAR),MONOLINGUE,DIVERSIFICADO,47691929
e87bff5cf463,05-01-0442-46,COLEGIO INTERNACIONAL FUTURE LEARNING CENTER FLC,ESCUINTLA,ESCUINTLA,KM. 60 LA FELICIDAD SALIDA A PUERTO SAN JOSÉ.,RURAL,PRIVADO,ABIERTA,SIN JORNADA,SEMIPRESENCIAL (UN DÍA A LA SEMANA),MONOLINGUE,DIVERSIFICADO,47691929
e87bff5cf463,05-01-0231-46,COLEGIO INTERNACIONAL FUTURE LEARNING CENTER FLC,ESCUINTLA,ESCUINTLA,KM. 60 LA FELICIDAD SALIDA A PUERTO SAN JOSÉ,URBANA,PRIVADO,ABIERTA,MATUTINA,DIARIO(REGULAR),MONOLINGUE,DIVERSIFICADO,47691929
e8c9ec517f39,10-19-0018-46,COLEGIO EVANGELICO PRIVADO MIXTO NUEVA VISION,SUCHITEPEQUEZ,PUEBLO NUEVO,SECTOR EL REBALSE PUEBLO NUEVO SUCHITEPEQUEZ,RURAL,PRIVADO,ABIERTA,SIN JORNADA,SEMIPRESENCIAL (UN DÍA A LA SEMANA),MONOLINGUE,DIVERSIFICADO,42810991.0
e8c9ec517f39,10-19-0014-46,COLEGIO EVANGELICO PRIVADO MIXTO NUEVA VISION,SUCHITEPEQUEZ,PUEBLO NUEVO,SECTOR EL REBALSE PUEBLO NUEVO SUCHITEPEQUEZ,URBANA,PRIVADO,ABIERTA,VESPERTINA,DIARIO(REGULAR),MONOLINGUE,DIVERSIFICADO,4281099156375310.5
ea02deac9d90,12-15-0065-46,INSTITUTO NACIONAL DE EDUCACIÓN DIVERSIFICADA,SAN MARCOS,MALACATAN,COLONIA EL MAESTRO MALACATÁN,RURAL,OFICIAL,ABIERTA,VESPERTINA,DIARIO(REGULAR),MONOLINGUE,DIVERSIFICADO,51740001.0
ea02deac9d90,12-15-0171-46,INSTITUTO NACIONAL DE EDUCACIÓN DIVERSIFICADA,SAN MARCOS,MALACATAN,COLONIA EL MAESTRO MALACATÁN,URBANA,OFICIAL,ABIERTA,DOBLE,DIARIO(REGULAR),MONOLINGUE,DIVERSIFICADO,51740001.0
ea3a779af68a,04-12-0031-46,"INSTITUTO DE NIVEL MEDIO DE PROYECCION SOCIAL Y COMUNITARIA ""LA VOZ DE LA ESPERANZA""",CHIMALTENANGO,SAN PEDRO YEPOCAPA,ALDEA MONTE DE LOS OLIVOS,RURAL,PRIVADO,ABIERTA,VESPERTINA,DIARIO(REGULAR),MONOLINGUE,DIVERSIFICADO,22679158
ea3a779af68a,04-12-0032-46,"INSTITUTO DE NIVEL MEDIO DE PROYECCION SOCIAL Y COMUNITARIA ""LA VOZ DE LA ESPERANZA""",CHIMALTENANGO,SAN PEDRO YEPOCAPA,ALDEA MONTE DE LOS OLIVOS,URBANA,PRIVADO,ABIERTA,MATUTINA,DIARIO(REGULAR),MONOLINGUE,DIVERSIFICADO,44075812
ed53aea71a92,01-10-2851-45,COLEGIO MIXTO 'ATENAS',GUATEMALA,SAN JUAN SACATEPEQUEZ,"7A AVENIDA 7-13, ZONA 1",RURAL,PRIVADO,ABIERTA,MATUTINA,DIARIO(REGULAR),MONOLINGUE,BASICO,41346708
ed53aea71a92,01-10-9211-46,COLEGIO MIXTO ATENAS,GUATEMALA,SAN JUAN SACATEPEQUEZ,7A. AVENIDA 7-13 ZONA 1,URBANA,PRIVADO,ABIERTA,VESPERTINA,DIARIO(REGULAR),MONOLINGUE,DIVERSIFICADO,41346708
ee57632f1801,01-06-0165-46,INSTITUTO NACIONAL DE EDUCACIÓN DIVERSIFICADA TIERRA NUEVA I,GUATEMALA,CHINAUTLA,"SECTOR 43 LOTE 0, TIERRA NUEVA I",RURAL,OFICIAL,ABIERTA,NOCTURNA,DIARIO(REGULAR),MONOLINGUE,DIVERSIFICADO,24837931
ee57632f1801,01-06-0133-46,INSTITUTO NACIONAL DE EDUCACIÓN DIVERSIFICADA TIERRA NUEVA I,GUATEMALA,CHINAUTLA,SECTOR 43 LOTE 0 TIERRA NUEVA I,URBANA,OFICIAL,ABIERTA,DOBLE,FIN DE SEMANA,MONOLINGUE,DIVERSIFICADO,24837931
ee57632f1801,01-06-0134-46,INSTITUTO NACIONAL DE EDUCACIÓN DIVERSIFICADA TIERRA NUEVA I,GUATEMALA,CHINAUTLA,SECTOR 43 LOTE 0 TIERRA NUEVA I,URBANA,OFICIAL,ABIERTA,NOCTURNA,DIARIO(REGULAR),MONOLINGUE,DIVERSIFICADO,24837931
ee57632f1801,01-06-0164-46,INSTITUTO NACIONAL DE EDUCACIÓN DIVERSIFICADA TIERRA NUEVA I,GUATEMALA,CHINAUTLA,"SECTOR 43 LOTE 0, TIERRA NUEVA I",URBANA,OFICIAL,ABIERTA,SIN JORNADA,SEMIPRESENCIAL (UN DÍA A LA SEMANA),MONOLINGUE,DIVERSIFICADO,24837931
fa2824872fd8,11-01-0409-46,COLEGIO CRISTIANO BELÉN,RETALHULEU,RETALHULEU,ALDEA LA GUITARRA,RURAL,PRIVADO,ABIERTA,DOBLE,FIN DE SEMANA,MONOLINGUE,DIVERSIFICADO,50172946.0
fa2824872fd8,11-01-0489-45,COLEGIO CRISTIANO BELÉN,RETALHULEU,RETALHULEU,ALDEA LA GUITARRA,URBANA,PRIVADO,ABIERTA,SIN JORNADA,SEMIPRESENCIAL (FIN DE SEMANA),MONOLINGUE,BASICO,50172946.0
fa2824872fd8,11-01-0490-46,COLEGIO CRISTIANO BELÉN,RETALHULEU,RETALHULEU,ALDEA LA GUITARRA,URBANA,PRIVADO,ABIERTA,SIN JORNADA,SEMIPRESENCIAL (FIN DE SEMANA),MONOLINGUE,DIVERSIFICADO,50172946.0
ffbee360e888,01-10-0075-46,COLEGIO CRISTIANO SECRETARIAL LA LUZ,GUATEMALA,SAN JUAN SACATEPEQUEZ,"LOTE 3 MANZANA M, LINDA VISTA I, CIUDAD QUETZAL",RURAL,PRIVADO,ABIERTA,DOBLE,FIN DE SEMANA,MONOLINGUE,DIVERSIFICADO,58427096
ffbee360e888,01-10-0302-45,COLEGIO CRISTIANO SECRETARIAL LA LUZ,GUATEMALA,SAN JUAN SACATEPEQUEZ,"LOTE 3 MANZANA M LINDA VISTA I, CIUDAD QUETZAL",RURAL,PRIVADO,ABIERTA,SIN JORNADA,SEMIPRESENCIAL (FIN DE SEMANA),MONOLINGUE,BASICO,41197893
ffbee360e888,01-10-0093-46,COLEGIO CRISTIANO SECRETARIAL LA LUZ,GUATEMALA,SAN JUAN SACATEPEQUEZ,"LOTE 3 MANZANA M, LINDA VISTA I, CIUDAD QUETZAL",URBANA,PRIVADO,ABIERTA,MATUTINA,DIARIO(REGULAR),MONOLINGUE,DIVERSIFICADO,58427093
