CODIGO,DEPARTAMENTO,MUNICIPIO,ESTABLECIMIENTO,DIRECCION,AREA,SECTOR,passes_len_relajada,has_urban_tok,has_rural_tok,has_zona,zona_with_num,has_km,is_cabecera_heur,passes_area_rule_soft2,direccion_plausible_soft2,flag_rural_zona_num,flag_urb_km_no_context,veredicto_len,veredicto_tokens,veredicto_area_rule,auditor,fecha_revision,comentarios
00-13-0943-45,CIUDAD CAPITAL,ZONA 13,INSTITUTO EVANGELICO AMERICA LATINA (CURSOS DE EXTENSION),3A AVE. 1-44 (PAMPLONA),URBANA,PRIVADO,True,False,False,False,False,False,False,False,False,False,False,,,,,,
10-21-0035-45,SUCHITEPEQUEZ,SAN JOSE LA MAQUINA,INEB DE TELESECUNDARIA,LINEA A-9,RURAL,OFICIAL,False,False,False,False,False,False,False,False,False,False,False,,,,,,
05-04-0262-45,ESCUINTLA,SIQUINALA,IEBC DE ENSEÑANZA PROFESOR GUILLERMO ARMANDO DAVILA HERNANDEZ,INTERIOR ESTADIO MUNICIPAL,URBANA,COOPERATIVA,True,False,False,False,False,False,False,False,False,False,False,,,,,,
16-09-0848-46,ALTA VERAPAZ,SAN PEDRO CARCHA,CENTRO DE EDUCACIÓN EXTRAESCOLAR,SAN PEDRO CARCHA,URBANA,OFICIAL,True,False,False,False,False,False,False,False,False,False,False,,,,,,
17-01-0156-46,PETEN,FLORES,CENTRO DE EDUCACION EXTRAESCOLAR-CEEX-DEPARTAMENTAL,5TA.CALLE Y 3RA AV.ZONA 2 SANTA ELENA,RURAL,OFICIAL,True,True,False,True,True,False,False,False,False,True,False,,,,,,
05-01-0372-45,ESCUINTLA,ESCUINTLA,COLEGIO CRISTIANO MONTE MORIAH,2DA. AVENIDA 3-80 ZONA 3 COLONIA AGUAS VIVAS,RURAL,PRIVADO,True,True,False,True,True,False,False,False,False,True,False,,,,,,
22-06-0036-45,JUTIAPA,YUPILTEPEQUE,"LICEO MIXTO EN COMPUTACIÓN ""MIRALVALLE NO. 2""",LOTE 12 Y 13 LOTIFICACIÓN VALLE VERDE,URBANA,PRIVADO,True,False,True,False,False,False,False,False,False,False,False,,,,,,
01-06-7535-45,GUATEMALA,CHINAUTLA,CENTRO ESTUDIANTIL CRISTIANO 'JOSE GILBERTO VELASQUEZ',"SECTOR 2 LOTE 99, SAN JULIAN NUEVA CHINAUTLA ALDEA JOCOTALES",URBANA,PRIVADO,True,False,True,False,False,False,False,False,False,False,False,,,,,,
13-01-0386-46,HUEHUETENANGO,HUEHUETENANGO,INSTITUTO NACIONAL DE EDUCACIÓN DIVERSIFICADA,"9º. CALLEJÓN ""B"" 12-94, ZONA 4, SECTOR LOS OLIVOS ""EL TERRERO""",RURAL,OFICIAL,True,True,True,True,True,False,False,True,True,True,False,,,,,,
01-15-0080-45,GUATEMALA,VILLA NUEVA,INEB DE TELESECUNDARIA,VILLA LOBOS NORTE,RURAL,OFICIAL,True,False,False,False,False,False,False,False,False,False,False,,,,,,
04-13-0036-45,CHIMALTENANGO,SAN ANDRES ITZAPA,LICEO CAMPO ALEGRE,CANTÓN SAN PEDRO Y SAN PABLO,URBANA,PRIVADO,True,False,True,False,False,False,False,False,False,False,False,,,,,,
01-16-9000-45,GUATEMALA,VILLA CANALES,LICEO MIXTO QUIRIGUA,"CASA 5-I, COLONIA PANORAMA DEL VALLE",RURAL,PRIVADO,True,True,False,False,False,False,False,False,False,False,False,,,,,,
11-02-0061-46,RETALHULEU,SAN SEBASTIAN,COLEGIO PRIVADO MIXTO SAN SEBASTIÁN,CANTON SAMALA 1,URBANA,PRIVADO,True,False,True,False,False,False,False,False,False,False,False,,,,,,
17-11-0039-46,PETEN,MELCHOR DE MENCOS,INSTITUTO NACIONAL DE EDUCACION DIVERSIFICADA,BARRIO SANTA ELENA,RURAL,OFICIAL,True,True,False,False,False,False,False,False,False,False,False,,,,,,
04-14-0005-45,CHIMALTENANGO,PARRAMOS,COLEGIO BILINGÜE EN COMPUTACIÓN SAN BERNABÉ,"KILÓMETRO 63 CARRETERA A SAN PEDRO YEPOCAPA, ALDEA SAN BERNABÉ",URBANA,PRIVADO,True,False,True,False,False,True,False,False,False,False,True,,,,,,
13-26-5411-46,HUEHUETENANGO,SANTA CRUZ BARILLAS,COLEGIO EVANGELICO BEREA,VILLA DE BARILLAS,URBANA,PRIVADO,True,False,False,False,False,False,False,False,False,False,False,,,,,,
00-12-0135-46,CIUDAD CAPITAL,ZONA 12,LICEO CANADIENSE SOCIEDAD ANONIMA,DIAGONAL 19 40-54,URBANA,PRIVADO,True,False,False,False,False,False,False,False,False,False,False,,,,,,
13-18-6919-45,HUEHUETENANGO,SAN MATEO IXTATAN,INSTITUTO DE EDUCACIÓN BÁSICA POR COOPERATIVA DE ENSEÑANZA YINHATIL NAB´EN (SEMILLA DE LA SABIDURÍA),CANTÓN CHAKCHAKK´EN 02/01/2014,URBANA,COOPERATIVA,True,False,True,False,False,False,False,False,False,False,False,,,,,,
04-01-0220-45,CHIMALTENANGO,CHIMALTENANGO,COLEGIO CRISTIANO CATÓLICO JUAN PABLO II,"2DA. CALLE 3A-91 ZONA 7, ALDEA BUENA VISTA",RURAL,PRIVADO,True,True,True,True,True,False,False,True,True,True,False,,,,,,
01-07-0051-46,GUATEMALA,SAN PEDRO AYAMPUC,INSTITUTO NACIONAL DE EDUCACION DIVERSIFICADA EN TECNOLOGÍA,"CANTON LOS MARTINEZ, 4 AVENIDA 3-00 ZONA 01",RURAL,OFICIAL,True,True,True,True,True,False,False,True,True,True,False,,,,,,
17-03-0025-46,PETEN,SAN BENITO,INSTITUTO NACIONAL DE EDUCACION DIVERSIFICADA,COLONIA ITZA,RURAL,OFICIAL,True,True,False,False,False,False,False,False,False,False,False,,,,,,
18-01-3235-46,IZABAL,PUERTO BARRIOS,COLEGIO PARTICULAR MIXTO PIEDRAS NEGRAS,"COLONIA PIEDRAS NEGRAS, SANTO TOMÁS DE CASTILLA",RURAL,PRIVADO,True,True,False,False,False,False,False,False,False,False,False,,,,,,
21-02-0090-45,JALAPA,SAN PEDRO PINULA,CENTRO DE EDUCACIÓN EXTRAESCOLAR -CEEX- COOPERATIVA EL RECUERDO/T-21,"RUTA NACIONAL NO. 18, KM. 123, ENTRADA AL AGUA TIBIA",URBANA,PRIVADO,True,False,True,False,False,True,False,False,False,False,True,,,,,,
12-26-0072-45,SAN MARCOS,SIPACAPA,CENTRO DE EDUCACIÓN EXTRAESCOLAR-CEEX-,SIPACAPA,URBANA,PRIVADO,False,False,False,False,False,False,False,False,False,False,False,,,,,,
03-01-1231-46,SACATEPEQUEZ,ANTIGUA GUATEMALA,ESCUELA NORMAL DE EDUCACION FISICA,SALIDA A SANTA MARIA DE JESUS KILOMETRO 2,URBANA,OFICIAL,True,False,True,False,False,True,False,False,False,False,True,,,,,,
01-08-0968-46,GUATEMALA,MIXCO,CENTRO EDUCATIVO EDUNIÑOS,3A. CALLE 2-12 COLONIA JARDINES DE SAN JUAN ZONA 7,URBANA,PRIVADO,True,True,False,True,True,False,False,True,True,False,False,,,,,,
22-17-0036-45,JUTIAPA,QUESADA,COLEGIO PARTICULAR MIXTO BILINGÜE SANTA FÉ,ALDEA BUENA VISTA,RURAL,PRIVADO,True,False,True,False,False,False,False,True,True,False,False,,,,,,
22-01-0308-45,JUTIAPA,JUTIAPA,CENTRO DE ESTUDIOS DIVERSIFICADOS -CED- JUTIAPA,ALDEA LAS CRUCITAS,RURAL,PRIVADO,True,False,True,False,False,False,False,True,True,False,False,,,,,,
09-04-4006-45,QUETZALTENANGO,SAN CARLOS SIJA,NUCLEO FAMILIAR EDUCATIVO PARA EL DESARROLLO NUFED,ALDEA SAN FRANCISCO CHUATUJ,RURAL,OFICIAL,True,False,True,False,False,False,False,True,True,False,False,,,,,,
01-14-0024-45,GUATEMALA,AMATITLAN,"COLEGIO ""FORMACION INTEGRAL DE AMATITLAN""","2A. AVENIDA 8-28, CANTON SAN ANTONIO",URBANA,PRIVADO,True,True,True,False,False,False,False,True,True,False,False,,,,,,
18-01-0449-46,IZABAL,PUERTO BARRIOS,"INSTITUTO PARTICULAR MIXTO ""EL DIVINO MAESTRO""","BARRIO EL PUEBLITO, ALDEA SANTO TOMAS DE CASTILLA",RURAL,PRIVADO,True,True,True,False,False,False,False,True,True,False,False,,,,,,
01-08-1709-45,GUATEMALA,MIXCO,IPMB COLEGIO 'HILDA KOCH',3A CALLE 'B' 3-86 ZONA 4 DE MIXCO MONTE VERDE,URBANA,PRIVADO,True,True,False,True,True,False,False,True,True,False,False,,,,,,
18-01-0398-45,IZABAL,PUERTO BARRIOS,CENTRO EDUCATIVO DE FORMACIÓN INTEGRAL SAN MARTÍN DE PORRES,5A AVENIDA ENTRE 3A. Y 4A. CALLES,URBANA,PRIVADO,True,True,False,False,False,False,False,True,True,False,False,,,,,,
15-08-0196-45,BAJA VERAPAZ,PURULHA,INEB DE TELESECUNDARIA,CASERÍO EL REPOLLAL I,RURAL,OFICIAL,True,False,True,False,False,False,False,True,True,False,False,,,,,,
01-10-1833-45,GUATEMALA,SAN JUAN SACATEPEQUEZ,IEBC DE ENSEÑANZA,ALDEA LO DE CARRANZA,RURAL,COOPERATIVA,True,False,True,False,False,False,False,True,True,False,False,,,,,,
01-10-0326-46,GUATEMALA,SAN JUAN SACATEPEQUEZ,COLEGIO CRISTIANO OXFORD,LOTES 7 Y 8 MANZANA X2 RESIDENCIALES EL QUETZAL KM. 20.5 CARRETERA A CIUDAD QUETZAL,RURAL,PRIVADO,True,True,True,False,False,True,False,True,True,False,False,,,,,,
05-01-0455-46,ESCUINTLA,ESCUINTLA,INSTITUTO COMERCIAL DE CÓMPUTOS AVANZADOS,4A. AVENIDA 15-94 SUR FINAL,URBANA,PRIVADO,True,True,False,False,False,False,False,True,True,False,False,,,,,,
04-13-0034-45,CHIMALTENANGO,SAN ANDRES ITZAPA,LICEO CIENTÍFICO GUATEMALTECO EN ARTE Y TECNOLOGÍA,CANTÓN SAN LORENZO,URBANA,PRIVADO,True,False,True,False,False,False,False,False,False,False,False,,,,,,
01-03-1308-45,GUATEMALA,SAN JOSE PINULA,"CENTRO EDUCATIVO ""EL PROGRESO""",5A. CALLE 2-50 ZONA 2,URBANA,PRIVADO,True,True,False,True,True,False,False,True,True,False,False,,,,,,
05-02-0270-45,ESCUINTLA,SANTA LUCIA COTZUMALGUAPA,COLEGIO REAL ESPAÑA LUCIANO,KILOMETRO 3 CARRETERA A SAN PEDRO YEPOCAPA,RURAL,PRIVADO,True,False,True,False,False,True,False,True,True,False,False,,,,,,
