token,RURAL,URBANA,total,p_urbana
ZONA,0,6102,6102,1.0
CABECERA,0,415,415,1.0
4TA,0,237,237,1.0
MIXCO,0,155,155,1.0
10A,0,99,99,1.0
PETAPA,0,62,62,1.0
BOULEVARD,0,61,61,1.0
QUINTA,0,47,47,1.0
1ERA,0,46,46,1.0
SAMAYOA,0,42,42,1.0
CHIPILAPA,0,41,41,1.0
BARCENAS,0,39,39,1.0
MINERVA,0,38,38,1.0
8VA,0,33,33,1.0
ALAMOS,0,33,33,1.0
MONSERRAT,0,32,32,1.0
ROJAS,0,32,32,1.0
JUNIO,0,30,30,1.0
MONTSERRAT,0,30,30,1.0
COL,0,28,28,1.0
COMPLEJO,0,28,28,1.0
EDIFICIO,0,28,28,1.0
AGUILAR,0,26,26,1.0
CALLES,0,26,26,1.0
BATRES,0,25,25,1.0
ESTADIO,0,25,25,1.0
BILBAO,0,22,22,1.0
MITCHAL,0,22,22,1.0
EDUCATIVO,0,21,21,1.0
QUINTAS,0,21,21,1.0
12A,0,19,19,1.0
BARCENA,0,18,18,1.0
CHAPARRON,0,18,18,1.0
APOSENTOS,0,17,17,1.0
CASCO,0,17,17,1.0
MORAN,0,17,17,1.0
PROLONGACION,0,17,17,1.0
GASPAR,0,16,16,1.0
GUAJITOS,0,16,16,1.0
11A,0,15,15,1.0
3AV,0,15,15,1.0
EUCALIPTOS,0,15,15,1.0
HERREROS,0,15,15,1.0
2AV,0,14,14,1.0
9NA,0,14,14,1.0
AVENIDAS,0,14,14,1.0
FEDERAL,0,14,14,1.0
FILOMENA,0,14,14,1.0
GONZALEZ,0,14,14,1.0
JULIO,0,14,14,1.0
LANDIVAR,0,14,14,1.0
TIKAL,0,14,14,1.0
ELISA,0,13,13,1.0
ETERNA,0,13,13,1.0
GUITE,0,13,13,1.0
PERU,0,13,13,1.0
REFORMITA,0,13,13,1.0
URBANIZACION,0,13,13,1.0
ALBORADA,0,12,12,1.0
ATLANTIDA,0,12,12,1.0
CASONA,0,12,12,1.0
CHARCAS,0,12,12,1.0
CONDOR,0,12,12,1.0
ESCUINTLA,0,12,12,1.0
JOAQUIN,0,12,12,1.0
NAVIDAD,0,12,12,1.0
QUETZALTENANGO,0,12,12,1.0
ZACULEU,0,12,12,1.0
15A,0,11,11,1.0
FRUTAL,0,11,11,1.0
JULIAN,0,11,11,1.0
MEZQUITAL,0,11,11,1.0
PANAMA,0,11,11,1.0
ROBLE,0,11,11,1.0
13A,0,10,10,1.0
5AV,0,10,10,1.0
9AV,0,10,10,1.0
ALEJOS,0,10,10,1.0
AMERICAS,0,10,10,1.0
CAMINERO,0,10,10,1.0
MARTI,0,10,10,1.0
PROYECTO,0,10,10,1.0
RODRIGUEZ,0,10,10,1.0
SAMUC,0,10,10,1.0
SEMINARIO,0,10,10,1.0
SOL,0,10,10,1.0
43A,0,9,9,1.0
AGUAS,0,9,9,1.0
APTO,0,9,9,1.0
ASIOLE,0,9,9,1.0
BONILLA,0,9,9,1.0
COMERCIO,0,9,9,1.0
DORADO,0,9,9,1.0
EUREKA,0,9,9,1.0
HICHOS,0,9,9,1.0
HUEHUETENANGO,0,9,9,1.0
IGLESIA,0,9,9,1.0
ITALIA,0,9,9,1.0
MAESTRO,0,9,9,1.0
RECREO,0,9,9,1.0
SUPER,0,9,9,1.0
TOLEDO,0,9,9,1.0
AREVALO,0,8,8,1.0
BULEVAR,0,8,8,1.0
CASTRO,0,8,8,1.0
CAYALA,0,8,8,1.0
CERVECERO,0,8,8,1.0
CHACARA,0,8,8,1.0
COLOMBITA,0,8,8,1.0
COMERCIAL,0,8,8,1.0
FUNDABIEN,0,8,8,1.0
LAVARREDA,0,8,8,1.0
LUQUITAS,0,8,8,1.0
OBREGON,0,8,8,1.0
RAMIREZ,0,8,8,1.0
ZAPOTITLAN,0,8,8,1.0
10AV,0,7,7,1.0
11AV,0,7,7,1.0
12AV,0,7,7,1.0
159F,0,7,7,1.0
160F,0,7,7,1.0
21A,0,7,7,1.0
4AV,0,7,7,1.0
BALCONES,0,7,7,1.0
BANCO,0,7,7,1.0
BRIGADA,0,7,7,1.0
CALIENTES,0,7,7,1.0
CEREZO,0,7,7,1.0
DEPORTIVO,0,7,7,1.0
ENRIQUETA,0,7,7,1.0
HONDONADA,0,7,7,1.0
LAGUNITA,0,7,7,1.0
MARUZZO,0,7,7,1.0
MIXCOS,0,7,7,1.0
OFICINA,0,7,7,1.0
PALINCHE,0,7,7,1.0
TERRAZAS,0,7,7,1.0
TULIO,0,7,7,1.0
VILLAHERMOSA,0,7,7,1.0
VINICIO,0,7,7,1.0
16A,0,6,6,1.0
1RO,0,6,6,1.0
29A,0,6,6,1.0
6AV,0,6,6,1.0
ANEXO,0,6,6,1.0
BELLO,0,6,6,1.0
BORBOLLON,0,6,6,1.0
BRESSANI,0,6,6,1.0
CAMPINA,0,6,6,1.0
CAROLINGIA,0,6,6,1.0
CASTILLO,0,6,6,1.0
CATANO,0,6,6,1.0
CATOLICA,0,6,6,1.0
CENIZAL,0,6,6,1.0
CHUWI,0,6,6,1.0
COTIO,0,6,6,1.0
COZZA,0,6,6,1.0
DIVERSIFICADA,0,6,6,1.0
ENCLAVADO,0,6,6,1.0
FALLABON,0,6,6,1.0
FERROCARRILERO,0,6,6,1.0
GUASTATOYA,0,6,6,1.0
HISTORICO,0,6,6,1.0
HUNAPU,0,6,6,1.0
INFIERNITO,0,6,6,1.0
INTERAMERICANO,0,6,6,1.0
JERUSALEN,0,6,6,1.0
MACAL,0,6,6,1.0
MAKEPEACE,0,6,6,1.0
MARAVILLAS,0,6,6,1.0
MORON,0,6,6,1.0
MUNICIPALES,0,6,6,1.0
PAMPLONA,0,6,6,1.0
PANA,0,6,6,1.0
PARRAMON,0,6,6,1.0
PENATE,0,6,6,1.0
QUIRIO,0,6,6,1.0
REMOLINO,0,6,6,1.0
RURALES,0,6,6,1.0
SOLARES,0,6,6,1.0
TERCER,0,6,6,1.0
VERDES,0,6,6,1.0
VIDAURRE,0,6,6,1.0
10MA,0,5,5,1.0
15AV,0,5,5,1.0
17A,0,5,5,1.0
2DO,0,5,5,1.0
7AV,0,5,5,1.0
BARRIIO,0,5,5,1.0
BETANCOURT,0,5,5,1.0
BRASILIA,0,5,5,1.0
CANAVERAL,0,5,5,1.0
CASTANAS,0,5,5,1.0
CHAL,0,5,5,1.0
CLARAS,0,5,5,1.0
COMAPA,0,5,5,1.0
CORDOVA,0,5,5,1.0
CORTIJO,0,5,5,1.0
COTZUMALGUAPA,0,5,5,1.0
EUFRACIA,0,5,5,1.0
GOLFO,0,5,5,1.0
GUCUMATZ,0,5,5,1.0
GUISASOLA,0,5,5,1.0
HUITAN,0,5,5,1.0
JACARANDA,0,5,5,1.0
JACARANDAS,0,5,5,1.0
LATINO,0,5,5,1.0
MOCTEZUMA,0,5,5,1.0
PACHICHAJ,0,5,5,1.0
PARCELAS,0,5,5,1.0
POCHUTA,0,5,5,1.0
TAMBITO,0,5,5,1.0
TEOFILO,0,5,5,1.0
TERCERA,0,5,5,1.0
VILLALOBOS,0,5,5,1.0
VOLADORES,0,5,5,1.0
ZONA1,0,5,5,1.0
5TA,1,174,175,0.994
AVENIDA,25,3193,3218,0.992
1RA,1,114,115,0.991
6TA,1,94,95,0.989
DIAGONAL,1,88,89,0.989
MUNICIPAL,6,438,444,0.986
AVE,4,280,284,0.986
ATLANTICO,1,51,52,0.981
CALZADA,6,233,239,0.975
CALLE,120,4004,4124,0.971
7MA,1,33,34,0.971
ESQUINA,1,30,31,0.968
FLORIDA,3,86,89,0.966
LOBOS,1,28,29,0.966
BOCA,2,54,56,0.964
JARDINES,2,53,55,0.964
FINAL,8,206,214,0.963
SEPTIEMBRE,1,25,26,0.962
BARRIO,71,1730,1801,0.961
PLATA,1,23,24,0.958
RUFINO,1,22,23,0.957
3RA,5,102,107,0.953
CATALINA,1,20,21,0.952
GUATEMALA,7,136,143,0.951
INTERIOR,3,58,61,0.951
PRIMER,1,19,20,0.95
COLONIA,89,1672,1761,0.949
CEMENTERIO,2,37,39,0.949
2DA,11,199,210,0.948
ROOSEVELT,2,36,38,0.947
ANCHA,1,18,19,0.947
PLAYA,2,35,37,0.946
COSTADO,1,17,18,0.944
ILUSIONES,1,17,18,0.944
GUAYTAN,1,15,16,0.938
RESIDENCIALES,12,179,191,0.937
PRADOS,3,44,47,0.936
LOCAL,1,14,15,0.933
PEDREGAL,1,14,15,0.933
SECCION,4,55,59,0.932
FUENTES,2,26,28,0.929
ACATAN,1,13,14,0.929
BATALLA,1,13,14,0.929
PERONIA,1,13,14,0.929
JARDIN,1,12,13,0.923
PLAZA,1,12,13,0.923
CASA,4,46,50,0.92
BOSQUES,2,23,25,0.92
CERRITO,1,11,12,0.917
LUPITA,1,11,12,0.917
SATELITE,1,11,12,0.917
TAPIAS,1,11,12,0.917
PACIFICO,3,32,35,0.914
COY,2,21,23,0.913
ORIENTE,3,30,33,0.909
JOYAS,2,20,22,0.909
COLINAS,1,10,11,0.909
VERAPAZ,1,10,11,0.909
DEMOCRACIA,5,49,54,0.907
CALVARIO,9,87,96,0.906
RUTA,8,77,85,0.906
TRANSITO,3,29,32,0.906
NIVEL,2,19,21,0.905
PINARES,2,19,21,0.905
PUCA,2,18,20,0.9
ACASAGUASTLAN,1,9,10,0.9
ANGEL,1,9,10,0.9
BELICE,1,9,10,0.9
COBAN,1,9,10,0.9
NAN,1,9,10,0.9
SUCHITEPEQUEZ,1,9,10,0.9
VENECIA,1,9,10,0.9
ROSAS,5,44,49,0.898
REAL,10,85,95,0.895
AMPARO,2,17,19,0.895
3ERA,5,40,45,0.889
ABRIL,2,16,18,0.889
ARCO,1,8,9,0.889
BARREAL,1,8,9,0.889
CIELITO,1,8,9,0.889
JOCOTALES,1,8,9,0.889
NARANJALES,1,8,9,0.889
PASAJE,1,8,9,0.889
SEGUNDA,1,8,9,0.889
BOSQUE,2,15,17,0.882
FRACCION,2,15,17,0.882
MUNICIPIO,3,21,24,0.875
JACINTO,2,14,16,0.875
VICTORIAS,2,14,16,0.875
ALTOS,1,7,8,0.875
ARMENIA,1,7,8,0.875
CRISTINA,1,7,8,0.875
ORTIZ,1,7,8,0.875
RESURRECCION,1,7,8,0.875
TAMARINDAL,1,7,8,0.875
ZARZAL,1,7,8,0.875
CRISTOBAL,13,89,102,0.873
MAYO,4,27,31,0.871
NORTE,12,80,92,0.87
INSTITUTO,3,20,23,0.87
SUR,8,53,61,0.869
REYES,2,13,15,0.867
REFORMA,8,49,57,0.86
BENITO,3,18,21,0.857
SACOJ,2,12,14,0.857
1AV,1,6,7,0.857
ESTACION,1,6,7,0.857
LIRIOS,1,6,7,0.857
SELVA,1,6,7,0.857
UMAN,1,6,7,0.857
VALENTIN,1,6,7,0.857
IGNACIO,3,17,20,0.85
BARILLAS,2,11,13,0.846
CHINAUTLA,2,11,13,0.846
PAZ,8,43,51,0.843
ALAMEDA,4,21,25,0.84
LOTIFICACION,25,129,154,0.838
PABLO,7,36,43,0.837
JESUS,3,15,18,0.833
MATAZANO,3,15,18,0.833
INGRESO,2,10,12,0.833
PRADO,2,10,12,0.833
QUICHE,2,10,12,0.833
CARPINTERO,1,5,6,0.833
CUILAPA,1,5,6,0.833
GENOVA,1,5,6,0.833
LUISA,1,5,6,0.833
MALACATAN,1,5,6,0.833
MATEO,1,5,6,0.833
MATIAS,1,5,6,0.833
MODELO,1,5,6,0.833
NUMERO,1,5,6,0.833
PEREZ,1,5,6,0.833
TERESITA,1,5,6,0.833
VIDA,1,5,6,0.833
SEBASTIAN,14,69,83,0.831
CAMPO,6,29,35,0.829
VASQUEZ,3,14,17,0.824
HERMOSA,29,130,159,0.818
VALLE,16,72,88,0.818
APARTAMENTO,2,9,11,0.818
BANANERA,2,9,11,0.818
NOVIEMBRE,2,9,11,0.818
ROSITA,2,9,11,0.818
SALIDA,6,26,32,0.812
ARENERA,4,17,21,0.81
HOSPITAL,5,21,26,0.808
ENTRE,34,137,171,0.801
ENTRADA,12,48,60,0.8
AURORA,4,16,20,0.8
RETALHULEU,4,16,20,0.8
PUEBLITO,3,12,15,0.8
ZACAPA,3,12,15,0.8
CAMELIAS,2,8,10,0.8
CRUCERO,2,8,10,0.8
INDEPENDENCIA,2,8,10,0.8
1ER,1,4,5,0.8
CANAS,1,4,5,0.8
CHINA,1,4,5,0.8
JOCOPILAS,1,4,5,0.8
LIBERACION,1,4,5,0.8
MOLINA,1,4,5,0.8
PLAZUELA,1,4,5,0.8
SANTIAGUITO,1,4,5,0.8
SAUCES,1,4,5,0.8
TROCHA,1,4,5,0.8
VILLA,51,200,251,0.797
ELENA,16,61,77,0.792
FRANCISCO,27,99,126,0.786
GRANJA,5,18,23,0.783
PARROQUIA,5,18,23,0.783
PRIMAVERA,5,18,23,0.783
MAYA,7,25,32,0.781
JUSTO,11,39,50,0.78
GRANJAS,4,14,18,0.778
AREA,2,7,9,0.778
CENTRO,77,267,344,0.776
CALLEJON,20,69,89,0.775
LOTES,14,48,62,0.774
BELLA,3,10,13,0.769
JOYA,8,26,34,0.765
MILAGRO,8,26,34,0.765
URBANO,10,32,42,0.762
CONDOMINIO,5,16,21,0.762
PINULA,6,19,25,0.76
MARGARITAS,8,25,33,0.758
CATARINA,5,15,20,0.75
MAGDALENA,5,15,20,0.75
JILOTEPEQUE,3,9,12,0.75
COCALES,2,6,8,0.75
HELVETIA,2,6,8,0.75
LAURELES,2,6,8,0.75
OLMECA,2,6,8,0.75
TECUN,2,6,8,0.75
CIUDAD,53,157,210,0.748
CENTRAL,23,67,90,0.744
NICOLAS,7,20,27,0.741
NACIONAL,6,17,23,0.739
LORENZO,13,36,49,0.735
BARRIOS,12,33,45,0.733
AMATITLAN,4,11,15,0.733
ESQUIPULAS,4,11,15,0.733
LOTE,188,512,700,0.731
CABALLO,7,19,26,0.731
CASAS,9,24,33,0.727
PANORAMA,6,16,22,0.727
CONDADO,3,8,11,0.727
INSTALACIONES,3,8,11,0.727
IZOTES,3,8,11,0.727
MANZANA,89,226,315,0.717
DEL,107,267,374,0.714
PETEN,12,30,42,0.714
RODEO,12,30,42,0.714
DOLORES,6,15,21,0.714
LUCAS,6,15,21,0.714
JORGE,4,10,14,0.714
MAZATENANGO,4,10,14,0.714
ANTIGUO,2,5,7,0.714
CORRAL,2,5,7,0.714
EJE,2,5,7,0.714
LARGO,2,5,7,0.714
MERCADO,2,5,7,0.714
NINO,2,5,7,0.714
PARQUE,2,5,7,0.714
PEDRITO,2,5,7,0.714
ISABEL,9,22,31,0.71
OLIVOS,7,17,24,0.708
BARTOLOME,5,12,17,0.706
DIOS,8,19,27,0.704
MONTE,30,71,101,0.703
ARRIBA,9,21,30,0.7
FELIPE,9,21,30,0.7
CHUATUJ,3,7,10,0.7
COATEPEQUE,3,7,10,0.7
BELEN,10,22,32,0.688
CARLOS,5,11,16,0.688
LUCIA,12,26,38,0.684
PLANES,14,29,43,0.674
JUAN,74,150,224,0.67
PORVENIR,26,52,78,0.667
INES,8,16,24,0.667
COLINA,6,12,18,0.667
VIEJA,5,10,15,0.667
ASUNCION,4,8,12,0.667
CANALITOS,4,8,12,0.667
EDUCACION,4,8,12,0.667
MILLA,4,8,12,0.667
LAGO,3,6,9,0.667
LOLITA,3,6,9,0.667
PAJON,3,6,9,0.667
PINOS,3,6,9,0.667
CONTIGUO,2,4,6,0.667
ILOM,2,4,6,0.667
MARIO,2,4,6,0.667
MORALES,2,4,6,0.667
ANA,19,37,56,0.661
MIGUEL,33,63,96,0.656
CARMEN,21,40,61,0.656
SECTOR,169,320,489,0.654
SANTIAGO,9,17,26,0.654
FRENTE,12,22,34,0.647
INTERAMERICANA,12,22,34,0.647
RINCON,6,11,17,0.647
MARTIN,15,27,42,0.643
MIRADOR,5,9,14,0.643
VILLAS,16,28,44,0.636
PALMAS,4,7,11,0.636
ROSARIO,35,61,96,0.635
CARRETERA,115,199,314,0.634
MOLINO,11,19,30,0.633
ASENTAMIENTO,7,12,19,0.632
III,9,15,24,0.625
CANADA,3,5,8,0.625
COSTA,3,5,8,0.625
CUCA,3,5,8,0.625
PALIN,3,5,8,0.625
PENA,3,5,8,0.625
PRIMERA,3,5,8,0.625
GABRIEL,14,23,37,0.622
PROGRESO,11,18,29,0.621
ACEITUNO,8,13,21,0.619
SANTA,196,316,512,0.617
CRUZ,40,64,104,0.615
TERRERO,5,8,13,0.615
SAN,688,1092,1780,0.613
FLORES,51,78,129,0.605
DON,12,18,30,0.6
MORAZAN,10,15,25,0.6
ESFUERZO,8,12,20,0.6
BARBARA,6,9,15,0.6
ERMITA,6,9,15,0.6
RECUERDO,6,9,15,0.6
3ER,4,6,10,0.6
BRAN,2,3,5,0.6
CUCHILLA,2,3,5,0.6
HATO,2,3,5,0.6
IXTAHUACAN,2,3,5,0.6
LARA,2,3,5,0.6
LINDO,2,3,5,0.6
PITO,2,3,5,0.6
SACOJITO,2,3,5,0.6
TIQUISATE,2,3,5,0.6
URBANA,2,3,5,0.6
SACATEPEQUEZ,21,31,52,0.596
SALVADOR,26,38,64,0.594
PRINCIPAL,77,112,189,0.593
AGUSTIN,9,13,22,0.591
FRAY,5,7,12,0.583
PORTAL,5,7,12,0.583
ANTIGUA,8,11,19,0.579
NUEVA,109,145,254,0.571
KILOMETRO,76,101,177,0.571
AMANECER,3,4,7,0.571
AYAMPUC,3,4,7,0.571
PATZITE,3,4,7,0.571
SABANA,3,4,7,0.571
TUTUAPA,3,4,7,0.571
VISTA,100,129,229,0.563
LIBERTAD,32,41,73,0.562
MONTERREY,7,9,16,0.562
BRISAS,11,14,25,0.56
CANTON,375,473,848,0.558
MARIA,39,49,88,0.557
EDEN,8,10,18,0.556
BLANCO,19,23,42,0.548
CARRIZAL,14,17,31,0.548
ESMERALDA,5,6,11,0.545
TERESA,5,6,11,0.545
JOSE,129,150,279,0.538
ESPERANZA,48,56,104,0.538
DOMINGO,18,21,39,0.538
LAS,264,305,569,0.536
GRANADOS,7,8,15,0.533
LOS,215,241,456,0.529
LOMAS,17,19,36,0.528
BUENOS,11,12,23,0.522
BETHANIA,13,14,27,0.519
ABAJO,14,15,29,0.517
PUEBLO,22,23,45,0.511
UNION,29,30,59,0.508
ANTONIO,71,72,143,0.503
NUEVO,67,67,134,0.5
ALVARADO,15,15,30,0.5
VEGA,13,13,26,0.5
AIRES,11,11,22,0.5
PIEDRA,11,11,22,0.5
PARCELA,8,8,16,0.5
LAGUNETA,7,7,14,0.5
LLANOS,7,7,14,0.5
PRIMERO,7,7,14,0.5
BENDICION,6,6,12,0.5
CANALES,6,6,12,0.5
PARADA,6,6,12,0.5
PAR,5,5,10,0.5
PUERTA,5,5,10,0.5
BRIOTIS,4,4,8,0.5
CUARTO,4,4,8,0.5
PAVON,4,4,8,0.5
POR,4,4,8,0.5
REY,4,4,8,0.5
AGRICOLA,3,3,6,0.5
IZABAL,3,3,6,0.5
SALON,3,3,6,0.5
FINCA,63,61,124,0.492
RAFAEL,28,27,55,0.491
PEDRO,60,55,115,0.478
LINDA,28,25,53,0.472
TRES,19,17,36,0.472
NEGRAS,9,8,17,0.471
LLANO,29,25,54,0.463
ROSA,27,23,50,0.46
SANTO,68,57,125,0.456
ANDRES,12,10,22,0.455
MARTA,6,5,11,0.455
RAYMUNDO,6,5,11,0.455
CAMINO,11,9,20,0.45
PIEDRAS,11,9,20,0.45
CHINITO,5,4,9,0.444
CLARA,5,4,9,0.444
MANGO,5,4,9,0.444
PROVIDENCIA,5,4,9,0.444
SIBANA,5,4,9,0.444
CHIQUITO,13,10,23,0.435
PARAISO,25,19,44,0.432
AMATES,4,3,7,0.429
DEPARTAMENTAL,4,3,7,0.429
TOMAS,47,35,82,0.427
CONCEPCION,30,22,52,0.423
PUERTO,11,8,19,0.421
VIEJO,11,8,19,0.421
SITIO,7,5,12,0.417
VERDE,35,24,59,0.407
CASTILLA,38,26,64,0.406
HACIENDA,12,8,20,0.4
MONTUFAR,9,6,15,0.4
PALMAR,6,4,10,0.4
TESORO,6,4,10,0.4
BASICA,3,2,5,0.4
CAMPAMENTO,3,2,5,0.4
CHUSCAJ,3,2,5,0.4
ENSENANZA,3,2,5,0.4
GRAN,3,2,5,0.4
QUE,3,2,5,0.4
SALITRE,3,2,5,0.4
YEPOCAPA,3,2,5,0.4
TRIUNFO,11,7,18,0.389
MAQUINA,24,15,39,0.385
CRISTO,8,5,13,0.385
TABLON,15,9,24,0.375
SAMALA,10,6,16,0.375
BUENA,67,40,107,0.374
NARANJO,34,20,54,0.37
DOS,17,10,27,0.37
GRANDE,88,51,139,0.367
IXCAN,7,4,11,0.364
VICTORIA,7,4,11,0.364
ALTAS,9,5,14,0.357
LIMON,9,5,14,0.357
MILPAS,9,5,14,0.357
AGUACATE,13,7,20,0.35
TIBIA,13,7,20,0.35
DELICIAS,15,8,23,0.348
INGENIO,15,8,23,0.348
VICENTE,21,11,32,0.344
ASTILLERO,10,5,15,0.333
ZAPOTE,8,4,12,0.333
BETHEL,6,3,9,0.333
SIS,6,3,9,0.333
FISCAL,4,2,6,0.333
FRAIJANES,4,2,6,0.333
LAGUNAS,4,2,6,0.333
OCOSITO,4,2,6,0.333
ORATORIO,4,2,6,0.333
TRAPICHE,4,2,6,0.333
RIO,79,38,117,0.325
ANGELES,23,11,34,0.324
VIRGEN,15,7,22,0.318
QUETZAL,48,22,70,0.314
SECA,9,4,13,0.308
BLANCA,28,12,40,0.3
HORIZONTE,7,3,10,0.3
RAMON,7,3,10,0.3
FELICIDAD,12,5,17,0.294
MARCOS,15,6,21,0.286
ANONAS,5,2,7,0.286
AZUL,5,2,7,0.286
CHACALTE,5,2,7,0.286
DIOCESIS,5,2,7,0.286
LOPEZ,5,2,7,0.286
COMUNIDAD,125,47,172,0.273
SEGUNDO,16,6,22,0.273
GORDO,8,3,11,0.273
CEIBA,21,7,28,0.25
ESCUELA,15,5,20,0.25
CUATRO,9,3,12,0.25
PALESTINA,9,3,12,0.25
FLOR,6,2,8,0.25
OBISPO,6,2,8,0.25
TIERRA,51,16,67,0.239
RIOS,32,10,42,0.238
CERRO,26,8,34,0.235
SACPUY,10,3,13,0.231
LOMA,14,4,18,0.222
LAGUNA,29,8,37,0.216
ESTANCIA,27,7,34,0.206
CAMINOS,8,2,10,0.2
MANCHURIA,8,2,10,0.2
MAR,8,2,10,0.2
DIEGUEZ,4,1,5,0.2
FUENTE,4,1,5,0.2
GUACHIPILIN,4,1,5,0.2
MARIAS,4,1,5,0.2
NEJAPA,4,1,5,0.2
PIE,4,1,5,0.2
TAXISCO,4,1,5,0.2
RANCHO,29,7,36,0.194
ENCUENTROS,9,2,11,0.182
MIXTA,9,2,11,0.182
POTRERO,9,2,11,0.182
AGUA,59,13,72,0.181
CRUCE,14,3,17,0.176
COLORADA,15,3,18,0.167
OFICIAL,10,2,12,0.167
PALO,10,2,12,0.167
BARRANCA,5,1,6,0.167
BELEJU,5,1,6,0.167
CHICHIPATE,5,1,6,0.167
CIENAGA,5,1,6,0.167
NUBES,5,1,6,0.167
OBISPADO,5,1,6,0.167
PACHALUM,5,1,6,0.167
PARTE,5,1,6,0.167
UNO,5,1,6,0.167
UTZUMAZATE,5,1,6,0.167
PARCELAMIENTO,108,21,129,0.163
ISIDRO,21,4,25,0.16
ALTA,11,2,13,0.154
COROZAL,11,2,13,0.154
LUIS,36,6,42,0.143
XAB,18,3,21,0.143
GUADALUPE,12,2,14,0.143
ALEGRE,6,1,7,0.143
CEIBITA,6,1,7,0.143
CUESTA,6,1,7,0.143
MOPAN,6,1,7,0.143
ORO,6,1,7,0.143
PASAC,6,1,7,0.143
PAXCAMAN,6,1,7,0.143
ZANJON,6,1,7,0.143
CALIENTE,13,2,15,0.133
JICARO,13,2,15,0.133
LINEA,20,3,23,0.13
PARAJE,68,10,78,0.128
CRUCES,21,3,24,0.125
HONDO,7,1,8,0.125
LABOR,7,1,8,0.125
MERCEDES,7,1,8,0.125
MIGUELITO,7,1,8,0.125
PILAS,7,1,8,0.125
QUEBRADA,7,1,8,0.125
TALLER,7,1,8,0.125
CERRITOS,16,2,18,0.111
TELEMAN,16,2,18,0.111
ALTO,8,1,9,0.111
CIPRES,8,1,9,0.111
CUCHUMATAN,8,1,9,0.111
LAGUNILLA,8,1,9,0.111
NAHUALATE,8,1,9,0.111
CARRANZA,9,1,10,0.1
JERONIMO,9,1,10,0.1
LIMA,9,1,10,0.1
RUIZ,9,1,10,0.1
XEJUYUP,9,1,10,0.1
COOPERATIVA,29,3,32,0.094
RURAL,10,1,11,0.091
OJO,11,1,12,0.083
PLAN,13,1,14,0.071
ALDEA,3820,265,4085,0.065
CASERIO,905,55,960,0.057
ESTANZUELA,17,1,18,0.056
POZAS,17,1,18,0.056
AGRARIA,45,2,47,0.043
PLAYITAS,22,1,23,0.043
CANDELARIA,25,1,26,0.038
DULCE,31,0,31,0.0
FRONTERAS,27,0,27,0.0
FRONTERA,25,0,25,0.0
CAMOJALLITO,22,0,22,0.0
POZA,18,0,18,0.0
RITA,18,0,18,0.0
PACAYA,17,0,17,0.0
DURAZNO,16,0,16,0.0
TICANLU,16,0,16,0.0
CUMBRE,15,0,15,0.0
NEGRO,14,0,14,0.0
DIEGO,13,0,13,0.0
PILAR,13,0,13,0.0
PAJALES,12,0,12,0.0
BAJA,11,0,11,0.0
GUATELINDA,11,0,11,0.0
ANDES,10,0,10,0.0
CAYUGA,10,0,10,0.0
IXTAN,10,0,10,0.0
MEJIA,10,0,10,0.0
AMELIA,9,0,9,0.0
BOQUERON,9,0,9,0.0
CEDRO,9,0,9,0.0
FAJA,9,0,9,0.0
MAJADAS,9,0,9,0.0
PANTZUJ,9,0,9,0.0
QUIRIGUA,9,0,9,0.0
TUNILLAS,9,0,9,0.0
ACHIOTES,8,0,8,0.0
ACUL,8,0,8,0.0
CHEQUIN,8,0,8,0.0
CHILTEPE,8,0,8,0.0
CHIQUIRINES,8,0,8,0.0
CUYUTA,8,0,8,0.0
ESCUINAPA,8,0,8,0.0
FLORIDO,8,0,8,0.0
GUINEALES,8,0,8,0.0
IXLU,8,0,8,0.0
LADO,8,0,8,0.0
MONTANA,8,0,8,0.0
PACHIPA,8,0,8,0.0
PLACA,8,0,8,0.0
TECOMATE,8,0,8,0.0
XECARACOJ,8,0,8,0.0
XOLHUITZ,8,0,8,0.0
CHICUA,7,0,7,0.0
GARROBO,7,0,7,0.0
GERTRUDIS,7,0,7,0.0
GUARDIANIA,7,0,7,0.0
GUITARRA,7,0,7,0.0
MESILLA,7,0,7,0.0
MICROPARCELAMIENTO,7,0,7,0.0
OCOTES,7,0,7,0.0
PALMA,7,0,7,0.0
PANTALEON,7,0,7,0.0
SASHICO,7,0,7,0.0
VALENCIA,7,0,7,0.0
XEQUEMEYA,7,0,7,0.0
ARGUETA,6,0,6,0.0
BARRANCAS,6,0,6,0.0
CAMPUR,6,0,6,0.0
CANOAS,6,0,6,0.0
CHAMIL,6,0,6,0.0
CHUCHEXIC,6,0,6,0.0
COCO,6,0,6,0.0
HUERTAS,6,0,6,0.0
JUTE,6,0,6,0.0
MACHAQUILA,6,0,6,0.0
OBERO,6,0,6,0.0
PATO,6,0,6,0.0
PATZAJ,6,0,6,0.0
PENSAMIENTO,6,0,6,0.0
PINAL,6,0,6,0.0
PINO,6,0,6,0.0
PUJUJIL,6,0,6,0.0
REPARO,6,0,6,0.0
RUINAS,6,0,6,0.0
SEJA,6,0,6,0.0
SERCHIL,6,0,6,0.0
TEJERA,6,0,6,0.0
TOJCHECHE,6,0,6,0.0
TOLTEC,6,0,6,0.0
VALPARAISO,6,0,6,0.0
XESANA,6,0,6,0.0
XINAXOJ,6,0,6,0.0
AGUADAS,5,0,5,0.0
AMATILLO,5,0,5,0.0
ARENAL,5,0,5,0.0
AYARZA,5,0,5,0.0
BRITO,5,0,5,0.0
BUENABAJ,5,0,5,0.0
CAOBA,5,0,5,0.0
CARRIZO,5,0,5,0.0
CHUACORRAL,5,0,5,0.0
CHUVA,5,0,5,0.0
CIMIENTOS,5,0,5,0.0
COLORADO,5,0,5,0.0
ESCONDIDO,5,0,5,0.0
ESTANZUELAS,5,0,5,0.0
GLORIA,5,0,5,0.0
HORCONES,5,0,5,0.0
LAMPARA,5,0,5,0.0
PAJOQUES,5,0,5,0.0
PAJUIL,5,0,5,0.0
PASAJOC,5,0,5,0.0
PASO,5,0,5,0.0
PASTORIA,5,0,5,0.0
PINALITO,5,0,5,0.0
POXLAJUJ,5,0,5,0.0
PUENTE,5,0,5,0.0
PUNTA,5,0,5,0.0
REFINERIA,5,0,5,0.0
RETALTECO,5,0,5,0.0
RICO,5,0,5,0.0
SEPUR,5,0,5,0.0
SIERRA,5,0,5,0.0
SOSI,5,0,5,0.0
TARROS,5,0,5,0.0
TOJOCHAN,5,0,5,0.0
TRINIDAD,5,0,5,0.0
TUILELEN,5,0,5,0.0
VEGAS,5,0,5,0.0
XEABAJ,5,0,5,0.0
XEPON,5,0,5,0.0
